07:37 ------------------------START-------2016------------
07:37 Hiveplotlaut fertig. Berechnung in 0.0s abgeschlossen.
07:37 Brute Force fertig. Berechnung in 7.5s abgeschlossen.
07:37 paperlike = True
07:37 Pipeline und Cleanup fertig. Berechnung in 7.5s abgeschlossen.
07:39 ------------------------START-------2016------------
07:39 Hiveplotlaut fertig. Berechnung in 0.0s abgeschlossen.
07:39 Brute Force fertig. Berechnung in 7.2s abgeschlossen.
07:39 paperlike = True
07:39 Pipeline und Cleanup fertig. Berechnung in 7.2s abgeschlossen.
07:39 Post Processing fertig. Berechnung in 7.2s abgeschlossen.
07:39 Nicht expandiert Cache gespeichert: E:\Programming Workspace\Python\BA-Sauerteig\dblp_daten_gesamt\paper_hpl_k8_2016_25.06--07.39_edges353_intra306.pkl
07:39 Expandiert Cache gespeichert: E:\Programming Workspace\Python\BA-Sauerteig\dblp_daten_gesamt\paper_expanded_hpl_k16_2016_25.06--07.39_edges669_intra306.pkl
07:39 Fertig. Berechnung in 7.2s abgeschlossen
07:39 ------------------------STOPP--------------------------------
07:45 ------------------------START-------2016------------
07:45 Hiveplotlaut fertig. Berechnung in 0.0s abgeschlossen.
07:45 Brute Force fertig. Berechnung in 7.4s abgeschlossen.
07:45 paperlike = True
07:45 Pipeline und Cleanup fertig. Berechnung in 7.5s abgeschlossen.
07:45 Post Processing fertig. Berechnung in 7.5s abgeschlossen.
07:45 Nicht expandiert Cache gespeichert: E:\Programming Workspace\Python\BA-Sauerteig\dblp_daten_gesamt\paper_hpl_k8_2016_25.06--07.45_edges353_intra306.pkl
07:45 Expandiert Cache gespeichert: E:\Programming Workspace\Python\BA-Sauerteig\dblp_daten_gesamt\paper_expanded_hpl_k16_2016_25.06--07.45_edges669_intra306.pkl
07:45 Fertig. Berechnung in 7.5s abgeschlossen
07:45 ------------------------STOPP--------------------------------
07:45 ------------------------START-------2016------------
07:45 Hiveplotlaut fertig. Berechnung in 0.0s abgeschlossen.
07:45 Brute Force fertig. Berechnung in 7.5s abgeschlossen.
07:45 paperlike = True
07:45 Pipeline und Cleanup fertig. Berechnung in 7.5s abgeschlossen.
07:45 Post Processing fertig. Berechnung in 7.5s abgeschlossen.
07:45 Nicht expandiert Cache gespeichert: E:\Programming Workspace\Python\BA-Sauerteig\dblp_daten_gesamt\paper_hpl_k8_2016_25.06--07.45_edges353_intra306.pkl
07:45 Expandiert Cache gespeichert: E:\Programming Workspace\Python\BA-Sauerteig\dblp_daten_gesamt\paper_expanded_hpl_k16_2016_25.06--07.45_edges669_intra306.pkl
07:45 Fertig. Berechnung in 7.5s abgeschlossen
07:45 ------------------------STOPP--------------------------------
07:46 ------------------------START-------2016------------
07:46 Hiveplotlaut fertig. Berechnung in 0.0s abgeschlossen.
07:46 Brute Force fertig. Berechnung in 7.5s abgeschlossen.
07:46 paperlike = True
07:46 Pipeline und Cleanup fertig. Berechnung in 7.5s abgeschlossen.
07:46 Post Processing fertig. Berechnung in 7.5s abgeschlossen.
07:46 Nicht expandiert Cache gespeichert: E:\Programming Workspace\Python\BA-Sauerteig\dblp_daten_gesamt\paper_hpl_k8_2016_25.06--07.46_edges353_intra306.pkl
07:46 Expandiert Cache gespeichert: E:\Programming Workspace\Python\BA-Sauerteig\dblp_daten_gesamt\paper_expanded_hpl_k16_2016_25.06--07.46_edges669_intra306.pkl
07:46 Fertig. Berechnung in 7.5s abgeschlossen
07:46 ------------------------STOPP--------------------------------
08:03 ------------------------START-------2016------------
08:03 Hiveplotlaut fertig. Berechnung in 0.0s abgeschlossen.
08:03 Brute Force fertig. Berechnung in 7.5s abgeschlossen.
08:03 paperlike = True
08:03 Pipeline und Cleanup fertig. Berechnung in 7.5s abgeschlossen.
08:03 Post Processing fertig. Berechnung in 7.5s abgeschlossen.
08:03 Nicht expandiert Cache gespeichert: E:\Programming Workspace\Python\BA-Sauerteig\dblp_daten_gesamt\paper_hpl_k8_2016_25.06--08.03_edges353_intra306.pkl
08:03 Expandiert Cache gespeichert: E:\Programming Workspace\Python\BA-Sauerteig\dblp_daten_gesamt\paper_expanded_hpl_k16_2016_25.06--08.03_edges669_intra306.pkl
08:03 Fertig. Berechnung in 7.5s abgeschlossen
08:03 ------------------------STOPP--------------------------------
08:38 ------------------------START-------2016------------
08:38 Hiveplotlaut fertig. Berechnung in 0.0s abgeschlossen.
08:38 Brute Force fertig. Berechnung in 7.6s abgeschlossen.
08:38 paperlike = True
08:38 Pipeline und Cleanup fertig. Berechnung in 7.6s abgeschlossen.
08:38 Post Processing fertig. Berechnung in 7.6s abgeschlossen.
08:38 Nicht expandiert Cache gespeichert: E:\Programming Workspace\Python\BA-Sauerteig\dblp_daten_gesamt\paper_hpl_k8_2016_25.06--08.38_edges353_intra306.pkl
08:38 Expandiert Cache gespeichert: E:\Programming Workspace\Python\BA-Sauerteig\dblp_daten_gesamt\paper_expanded_hpl_k16_2016_25.06--08.38_edges669_intra306.pkl
08:38 Fertig. Berechnung in 7.6s abgeschlossen
08:38 ------------------------STOPP--------------------------------
08:40 ------------------------START-------2016------------
08:40 Hiveplotlaut fertig. Berechnung in 0.0s abgeschlossen.
08:41 Brute Force fertig. Berechnung in 7.5s abgeschlossen.
08:41 paperlike = True
08:41 Pipeline und Cleanup fertig. Berechnung in 7.5s abgeschlossen.
08:41 Post Processing fertig. Berechnung in 7.5s abgeschlossen.
08:41 Nicht expandiert Cache gespeichert: E:\Programming Workspace\Python\BA-Sauerteig\dblp_daten_gesamt\paper_hpl_k8_2016_25.06--08.41_edges353_intra306.pkl
08:41 Expandiert Cache gespeichert: E:\Programming Workspace\Python\BA-Sauerteig\dblp_daten_gesamt\paper_expanded_hpl_k16_2016_25.06--08.41_edges669_intra306.pkl
08:41 Fertig. Berechnung in 7.5s abgeschlossen
08:41 ------------------------STOPP--------------------------------
08:43 ------------------------START-------2016------------
08:43 Hiveplotlaut fertig. Berechnung in 0.0s abgeschlossen.
08:43 Brute Force fertig. Berechnung in 7.3s abgeschlossen.
08:43 paperlike = True
08:43 Pipeline und Cleanup fertig. Berechnung in 7.3s abgeschlossen.
08:43 Post Processing fertig. Berechnung in 7.3s abgeschlossen.
08:43 Nicht expandiert Cache gespeichert: E:\Programming Workspace\Python\BA-Sauerteig\dblp_daten_gesamt\paper_hpl_k8_2016_25.06--08.43_edges353_intra306.pkl
08:43 Expandiert Cache gespeichert: E:\Programming Workspace\Python\BA-Sauerteig\dblp_daten_gesamt\paper_expanded_hpl_k16_2016_25.06--08.43_edges669_intra306.pkl
08:43 Fertig. Berechnung in 7.3s abgeschlossen
08:43 ------------------------STOPP--------------------------------
08:52 ------------------------START-------2016------------
08:52 Hiveplotlaut fertig. Berechnung in 0.0s abgeschlossen.
08:52 Brute Force fertig. Berechnung in 7.4s abgeschlossen.
08:52 paperlike = True
08:52 Pipeline und Cleanup fertig. Berechnung in 7.4s abgeschlossen.
08:52 Post Processing fertig. Berechnung in 7.4s abgeschlossen.
08:52 Nicht expandiert Cache gespeichert: E:\Programming Workspace\Python\BA-Sauerteig\dblp_daten_gesamt\paper_hpl_k8_2016_25.06--08.52_edges353_intra306.pkl
08:52 Expandiert Cache gespeichert: E:\Programming Workspace\Python\BA-Sauerteig\dblp_daten_gesamt\paper_expanded_hpl_k16_2016_25.06--08.52_edges669_intra306.pkl
08:52 Fertig. Berechnung in 7.4s abgeschlossen
08:52 ------------------------STOPP--------------------------------
09:00 ------------------------START-------2016------------
09:00 Hiveplotlaut fertig. Berechnung in 0.0s abgeschlossen.
09:01 Brute Force fertig. Berechnung in 7.6s abgeschlossen.
09:01 paperlike = True
09:01 Pipeline und Cleanup fertig. Berechnung in 7.6s abgeschlossen.
09:01 Post Processing fertig. Berechnung in 7.7s abgeschlossen.
09:01 Nicht expandiert Cache gespeichert: E:\Programming Workspace\Python\BA-Sauerteig\dblp_daten_gesamt\paper_hpl_k8_2016_25.06--09.01_edges353_intra306.pkl
09:01 Expandiert Cache gespeichert: E:\Programming Workspace\Python\BA-Sauerteig\dblp_daten_gesamt\paper_expanded_hpl_k16_2016_25.06--09.01_edges669_intra306.pkl
09:01 Fertig. Berechnung in 7.7s abgeschlossen
09:01 ------------------------STOPP--------------------------------
09:05 ------------------------START-------2016------------
09:05 Hiveplotlaut fertig. Berechnung in 0.0s abgeschlossen.
09:05 Brute Force fertig. Berechnung in 22.0s abgeschlossen.
09:05 paperlike = True
09:05 Pipeline und Cleanup fertig. Berechnung in 22.1s abgeschlossen.
09:05 Post Processing fertig. Berechnung in 22.1s abgeschlossen.
09:05 Nicht expandiert Cache gespeichert: E:\Programming Workspace\Python\BA-Sauerteig\dblp_daten_gesamt\paper_hpl_k8_2016_25.06--09.05_edges353_intra306.pkl
09:05 Expandiert Cache gespeichert: E:\Programming Workspace\Python\BA-Sauerteig\dblp_daten_gesamt\paper_expanded_hpl_k16_2016_25.06--09.05_edges669_intra306.pkl
09:05 Fertig. Berechnung in 22.1s abgeschlossen
09:05 ------------------------STOPP--------------------------------
09:07 ------------------------START-------2016------------
09:07 Hiveplotlaut fertig. Berechnung in 0.0s abgeschlossen.
09:07 Brute Force fertig. Berechnung in 7.6s abgeschlossen.
09:07 paperlike = True
09:07 Pipeline und Cleanup fertig. Berechnung in 7.6s abgeschlossen.
09:07 Post Processing fertig. Berechnung in 7.6s abgeschlossen.
09:07 Nicht expandiert Cache gespeichert: E:\Programming Workspace\Python\BA-Sauerteig\dblp_daten_gesamt\paper_hpl_k8_2016_25.06--09.07_edges353_intra306.pkl
09:07 Expandiert Cache gespeichert: E:\Programming Workspace\Python\BA-Sauerteig\dblp_daten_gesamt\paper_expanded_hpl_k16_2016_25.06--09.07_edges669_intra306.pkl
09:07 Fertig. Berechnung in 7.6s abgeschlossen
09:07 ------------------------STOPP--------------------------------
09:08 ------------------------START-------2016------------
09:08 Hiveplotlaut fertig. Berechnung in 0.0s abgeschlossen.
09:08 Brute Force fertig. Berechnung in 15.0s abgeschlossen.
09:08 paperlike = True
09:08 Pipeline und Cleanup fertig. Berechnung in 15.1s abgeschlossen.
09:08 Post Processing fertig. Berechnung in 15.1s abgeschlossen.
09:08 Nicht expandiert Cache gespeichert: E:\Programming Workspace\Python\BA-Sauerteig\dblp_daten_gesamt\paper_hpl_k8_2016_25.06--09.08_edges353_intra306.pkl
09:08 Expandiert Cache gespeichert: E:\Programming Workspace\Python\BA-Sauerteig\dblp_daten_gesamt\paper_expanded_hpl_k16_2016_25.06--09.08_edges669_intra306.pkl
09:08 Fertig. Berechnung in 15.1s abgeschlossen
09:08 ------------------------STOPP--------------------------------
09:09 ------------------------START-------2016------------
09:09 Hiveplotlaut fertig. Berechnung in 0.0s abgeschlossen.
09:09 Brute Force fertig. Berechnung in 7.4s abgeschlossen.
09:09 paperlike = True
09:09 Pipeline und Cleanup fertig. Berechnung in 7.4s abgeschlossen.
09:09 Post Processing fertig. Berechnung in 7.4s abgeschlossen.
09:09 Nicht expandiert Cache gespeichert: E:\Programming Workspace\Python\BA-Sauerteig\dblp_daten_gesamt\paper_hpl_k8_2016_25.06--09.09_edges353_intra306.pkl
09:09 Expandiert Cache gespeichert: E:\Programming Workspace\Python\BA-Sauerteig\dblp_daten_gesamt\paper_expanded_hpl_k16_2016_25.06--09.09_edges669_intra306.pkl
09:09 Fertig. Berechnung in 7.4s abgeschlossen
09:09 ------------------------STOPP--------------------------------
09:10 ------------------------START-------2016------------
09:10 Hiveplotlaut fertig. Berechnung in 0.0s abgeschlossen.
09:10 Brute Force fertig. Berechnung in 7.8s abgeschlossen.
09:10 paperlike = True
09:10 Pipeline und Cleanup fertig. Berechnung in 7.8s abgeschlossen.
09:10 Post Processing fertig. Berechnung in 7.8s abgeschlossen.
09:10 Nicht expandiert Cache gespeichert: E:\Programming Workspace\Python\BA-Sauerteig\dblp_daten_gesamt\paper_hpl_k8_2016_25.06--09.10_edges353_intra306.pkl
09:10 Expandiert Cache gespeichert: E:\Programming Workspace\Python\BA-Sauerteig\dblp_daten_gesamt\paper_expanded_hpl_k16_2016_25.06--09.10_edges669_intra306.pkl
09:10 Fertig. Berechnung in 7.8s abgeschlossen
09:10 ------------------------STOPP--------------------------------
09:13 ------------------------START-------2016------------
09:13 Hiveplotlaut fertig. Berechnung in 0.0s abgeschlossen.
09:14 Brute Force fertig. Berechnung in 7.5s abgeschlossen.
09:14 paperlike = True
09:14 Pipeline und Cleanup fertig. Berechnung in 7.5s abgeschlossen.
09:14 Post Processing fertig. Berechnung in 7.5s abgeschlossen.
09:14 Nicht expandiert Cache gespeichert: E:\Programming Workspace\Python\BA-Sauerteig\dblp_daten_gesamt\paper_hpl_k8_2016_25.06--09.14_edges353_intra306.pkl
09:14 Expandiert Cache gespeichert: E:\Programming Workspace\Python\BA-Sauerteig\dblp_daten_gesamt\paper_expanded_hpl_k16_2016_25.06--09.14_edges669_intra306.pkl
09:14 Fertig. Berechnung in 7.5s abgeschlossen
09:14 ------------------------STOPP--------------------------------
09:16 ------------------------START-------2016------------
09:16 Hiveplotlaut fertig. Berechnung in 0.0s abgeschlossen.
09:16 Brute Force fertig. Berechnung in 7.6s abgeschlossen.
09:16 paperlike = True
09:16 Pipeline und Cleanup fertig. Berechnung in 7.6s abgeschlossen.
09:16 Post Processing fertig. Berechnung in 7.6s abgeschlossen.
09:16 Nicht expandiert Cache gespeichert: E:\Programming Workspace\Python\BA-Sauerteig\dblp_daten_gesamt\paper_hpl_k8_2016_25.06--09.16_edges353_intra306.pkl
09:16 Expandiert Cache gespeichert: E:\Programming Workspace\Python\BA-Sauerteig\dblp_daten_gesamt\paper_expanded_hpl_k16_2016_25.06--09.16_edges669_intra306.pkl
09:16 Fertig. Berechnung in 7.6s abgeschlossen
09:16 ------------------------STOPP--------------------------------
09:17 ------------------------START-------2016------------
09:17 Hiveplotlaut fertig. Berechnung in 0.0s abgeschlossen.
09:17 Brute Force fertig. Berechnung in 7.5s abgeschlossen.
09:17 paperlike = True
09:17 Pipeline und Cleanup fertig. Berechnung in 7.5s abgeschlossen.
09:17 Post Processing fertig. Berechnung in 7.5s abgeschlossen.
09:17 Nicht expandiert Cache gespeichert: E:\Programming Workspace\Python\BA-Sauerteig\dblp_daten_gesamt\paper_hpl_k8_2016_25.06--09.17_edges353_intra306.pkl
09:17 Expandiert Cache gespeichert: E:\Programming Workspace\Python\BA-Sauerteig\dblp_daten_gesamt\paper_expanded_hpl_k16_2016_25.06--09.17_edges669_intra306.pkl
09:17 Fertig. Berechnung in 7.5s abgeschlossen
09:17 ------------------------STOPP--------------------------------
09:18 ------------------------START-------2016------------
09:18 Hiveplotlaut fertig. Berechnung in 0.0s abgeschlossen.
09:18 Brute Force fertig. Berechnung in 7.5s abgeschlossen.
09:18 paperlike = True
09:18 Pipeline und Cleanup fertig. Berechnung in 7.5s abgeschlossen.
09:18 Post Processing fertig. Berechnung in 7.5s abgeschlossen.
09:18 Nicht expandiert Cache gespeichert: E:\Programming Workspace\Python\BA-Sauerteig\dblp_daten_gesamt\paper_hpl_k8_2016_25.06--09.18_edges353_intra306.pkl
09:18 Expandiert Cache gespeichert: E:\Programming Workspace\Python\BA-Sauerteig\dblp_daten_gesamt\paper_expanded_hpl_k16_2016_25.06--09.18_edges669_intra306.pkl
09:18 Fertig. Berechnung in 7.5s abgeschlossen
09:18 ------------------------STOPP--------------------------------
09:20 ------------------------START-------2016------------
09:20 Hiveplotlaut fertig. Berechnung in 0.0s abgeschlossen.
09:20 Brute Force fertig. Berechnung in 7.6s abgeschlossen.
09:20 paperlike = True
09:20 Pipeline und Cleanup fertig. Berechnung in 7.6s abgeschlossen.
09:20 Post Processing fertig. Berechnung in 7.6s abgeschlossen.
09:20 Nicht expandiert Cache gespeichert: E:\Programming Workspace\Python\BA-Sauerteig\dblp_daten_gesamt\paper_hpl_k8_2016_25.06--09.20_edges353_intra306.pkl
09:20 Expandiert Cache gespeichert: E:\Programming Workspace\Python\BA-Sauerteig\dblp_daten_gesamt\paper_expanded_hpl_k16_2016_25.06--09.20_edges669_intra306.pkl
09:20 Fertig. Berechnung in 7.6s abgeschlossen
09:20 ------------------------STOPP--------------------------------
09:22 ------------------------START-------2016------------
09:22 Hiveplotlaut fertig. Berechnung in 0.0s abgeschlossen.
09:22 Brute Force fertig. Berechnung in 7.7s abgeschlossen.
09:22 paperlike = True
09:22 Pipeline und Cleanup fertig. Berechnung in 7.7s abgeschlossen.
09:22 Post Processing fertig. Berechnung in 7.7s abgeschlossen.
09:22 Nicht expandiert Cache gespeichert: E:\Programming Workspace\Python\BA-Sauerteig\dblp_daten_gesamt\paper_hpl_k8_2016_25.06--09.22_edges353_intra306.pkl
09:22 Expandiert Cache gespeichert: E:\Programming Workspace\Python\BA-Sauerteig\dblp_daten_gesamt\paper_expanded_hpl_k16_2016_25.06--09.22_edges669_intra306.pkl
09:22 Fertig. Berechnung in 7.7s abgeschlossen
09:22 ------------------------STOPP--------------------------------
09:24 ------------------------START-------2016------------
09:24 Hiveplotlaut fertig. Berechnung in 0.0s abgeschlossen.
09:24 Brute Force fertig. Berechnung in 7.6s abgeschlossen.
09:24 paperlike = True
09:24 Pipeline und Cleanup fertig. Berechnung in 7.6s abgeschlossen.
09:24 Post Processing fertig. Berechnung in 7.6s abgeschlossen.
09:24 Nicht expandiert Cache gespeichert: E:\Programming Workspace\Python\BA-Sauerteig\dblp_daten_gesamt\paper_hpl_k8_2016_25.06--09.24_edges353_intra306.pkl
09:24 Expandiert Cache gespeichert: E:\Programming Workspace\Python\BA-Sauerteig\dblp_daten_gesamt\paper_expanded_hpl_k16_2016_25.06--09.24_edges669_intra306.pkl
09:24 Fertig. Berechnung in 7.6s abgeschlossen
09:24 ------------------------STOPP--------------------------------
09:25 ------------------------START-------2016------------
09:25 Hiveplotlaut fertig. Berechnung in 0.0s abgeschlossen.
09:25 Brute Force fertig. Berechnung in 7.4s abgeschlossen.
09:25 paperlike = True
09:25 Pipeline und Cleanup fertig. Berechnung in 7.4s abgeschlossen.
09:25 Post Processing fertig. Berechnung in 7.4s abgeschlossen.
09:25 Nicht expandiert Cache gespeichert: E:\Programming Workspace\Python\BA-Sauerteig\dblp_daten_gesamt\paper_hpl_k8_2016_25.06--09.25_edges353_intra306.pkl
09:25 Expandiert Cache gespeichert: E:\Programming Workspace\Python\BA-Sauerteig\dblp_daten_gesamt\paper_expanded_hpl_k16_2016_25.06--09.25_edges669_intra306.pkl
09:25 Fertig. Berechnung in 7.5s abgeschlossen
09:25 ------------------------STOPP--------------------------------
09:28 ------------------------START-------2016------------
09:28 Hiveplotlaut fertig. Berechnung in 0.0s abgeschlossen.
09:28 Brute Force fertig. Berechnung in 7.5s abgeschlossen.
09:28 paperlike = True
09:28 Pipeline und Cleanup fertig. Berechnung in 7.5s abgeschlossen.
09:28 Post Processing fertig. Berechnung in 7.5s abgeschlossen.
09:28 Nicht expandiert Cache gespeichert: E:\Programming Workspace\Python\BA-Sauerteig\dblp_daten_gesamt\paper_hpl_k8_2016_25.06--09.28_edges353_intra306.pkl
09:28 Expandiert Cache gespeichert: E:\Programming Workspace\Python\BA-Sauerteig\dblp_daten_gesamt\paper_expanded_hpl_k16_2016_25.06--09.28_edges669_intra306.pkl
09:28 Fertig. Berechnung in 7.5s abgeschlossen
09:28 ------------------------STOPP--------------------------------
09:31 ------------------------START-------2016------------
09:31 Hiveplotlaut fertig. Berechnung in 0.0s abgeschlossen.
09:31 Brute Force fertig. Berechnung in 7.6s abgeschlossen.
09:31 paperlike = True
09:31 Pipeline und Cleanup fertig. Berechnung in 7.6s abgeschlossen.
09:31 Post Processing fertig. Berechnung in 7.6s abgeschlossen.
09:31 Nicht expandiert Cache gespeichert: E:\Programming Workspace\Python\BA-Sauerteig\dblp_daten_gesamt\paper_hpl_k8_2016_25.06--09.31_edges353_intra306.pkl
09:31 Expandiert Cache gespeichert: E:\Programming Workspace\Python\BA-Sauerteig\dblp_daten_gesamt\paper_expanded_hpl_k16_2016_25.06--09.31_edges669_intra306.pkl
09:31 Fertig. Berechnung in 7.6s abgeschlossen
09:31 ------------------------STOPP--------------------------------
09:31 ------------------------START-------2016------------
09:31 Hiveplotlaut fertig. Berechnung in 0.0s abgeschlossen.
09:31 Brute Force fertig. Berechnung in 7.4s abgeschlossen.
09:31 paperlike = True
09:31 Pipeline und Cleanup fertig. Berechnung in 7.4s abgeschlossen.
09:31 Post Processing fertig. Berechnung in 7.4s abgeschlossen.
09:31 Nicht expandiert Cache gespeichert: E:\Programming Workspace\Python\BA-Sauerteig\dblp_daten_gesamt\paper_hpl_k8_2016_25.06--09.31_edges353_intra306.pkl
09:31 Expandiert Cache gespeichert: E:\Programming Workspace\Python\BA-Sauerteig\dblp_daten_gesamt\paper_expanded_hpl_k16_2016_25.06--09.31_edges669_intra306.pkl
09:31 Fertig. Berechnung in 7.4s abgeschlossen
09:31 ------------------------STOPP--------------------------------
09:32 ------------------------START-------2016------------
09:32 Hiveplotlaut fertig. Berechnung in 0.0s abgeschlossen.
09:32 Brute Force fertig. Berechnung in 7.6s abgeschlossen.
09:32 paperlike = True
09:32 Pipeline und Cleanup fertig. Berechnung in 7.6s abgeschlossen.
09:32 Post Processing fertig. Berechnung in 7.6s abgeschlossen.
09:32 Nicht expandiert Cache gespeichert: E:\Programming Workspace\Python\BA-Sauerteig\dblp_daten_gesamt\paper_hpl_k8_2016_25.06--09.32_edges353_intra306.pkl
09:32 Expandiert Cache gespeichert: E:\Programming Workspace\Python\BA-Sauerteig\dblp_daten_gesamt\paper_expanded_hpl_k16_2016_25.06--09.32_edges669_intra306.pkl
09:32 Fertig. Berechnung in 7.6s abgeschlossen
09:32 ------------------------STOPP--------------------------------
09:32 ------------------------START-------2016------------
09:32 Hiveplotlaut fertig. Berechnung in 0.0s abgeschlossen.
09:32 Brute Force fertig. Berechnung in 7.5s abgeschlossen.
09:32 paperlike = True
09:32 Pipeline und Cleanup fertig. Berechnung in 7.5s abgeschlossen.
09:32 Post Processing fertig. Berechnung in 7.5s abgeschlossen.
09:32 Nicht expandiert Cache gespeichert: E:\Programming Workspace\Python\BA-Sauerteig\dblp_daten_gesamt\paper_hpl_k8_2016_25.06--09.32_edges353_intra306.pkl
09:32 Expandiert Cache gespeichert: E:\Programming Workspace\Python\BA-Sauerteig\dblp_daten_gesamt\paper_expanded_hpl_k16_2016_25.06--09.32_edges669_intra306.pkl
09:32 Fertig. Berechnung in 7.5s abgeschlossen
09:32 ------------------------STOPP--------------------------------
09:33 ------------------------START-------2016------------
09:33 Hiveplotlaut fertig. Berechnung in 0.0s abgeschlossen.
09:33 Brute Force fertig. Berechnung in 7.5s abgeschlossen.
09:33 paperlike = True
09:33 Pipeline und Cleanup fertig. Berechnung in 7.5s abgeschlossen.
09:33 Post Processing fertig. Berechnung in 7.5s abgeschlossen.
09:33 Nicht expandiert Cache gespeichert: E:\Programming Workspace\Python\BA-Sauerteig\dblp_daten_gesamt\paper_hpl_k8_2016_25.06--09.33_edges353_intra306.pkl
09:33 Expandiert Cache gespeichert: E:\Programming Workspace\Python\BA-Sauerteig\dblp_daten_gesamt\paper_expanded_hpl_k16_2016_25.06--09.33_edges669_intra306.pkl
09:33 Fertig. Berechnung in 7.5s abgeschlossen
09:33 ------------------------STOPP--------------------------------
09:33 ------------------------START-------2016------------
09:33 Hiveplotlaut fertig. Berechnung in 0.0s abgeschlossen.
09:33 Brute Force fertig. Berechnung in 7.6s abgeschlossen.
09:33 paperlike = True
09:33 Pipeline und Cleanup fertig. Berechnung in 7.6s abgeschlossen.
09:33 Post Processing fertig. Berechnung in 7.6s abgeschlossen.
09:33 Nicht expandiert Cache gespeichert: E:\Programming Workspace\Python\BA-Sauerteig\dblp_daten_gesamt\paper_hpl_k8_2016_25.06--09.33_edges353_intra306.pkl
09:33 Expandiert Cache gespeichert: E:\Programming Workspace\Python\BA-Sauerteig\dblp_daten_gesamt\paper_expanded_hpl_k16_2016_25.06--09.33_edges669_intra306.pkl
09:33 Fertig. Berechnung in 7.6s abgeschlossen
09:33 ------------------------STOPP--------------------------------
09:34 ------------------------START-------2016------------
09:34 Hiveplotlaut fertig. Berechnung in 0.0s abgeschlossen.
09:34 Brute Force fertig. Berechnung in 7.7s abgeschlossen.
09:34 paperlike = True
09:34 Pipeline und Cleanup fertig. Berechnung in 7.7s abgeschlossen.
09:34 Post Processing fertig. Berechnung in 7.7s abgeschlossen.
09:34 Nicht expandiert Cache gespeichert: E:\Programming Workspace\Python\BA-Sauerteig\dblp_daten_gesamt\paper_hpl_k8_2016_25.06--09.34_edges353_intra306.pkl
09:34 Expandiert Cache gespeichert: E:\Programming Workspace\Python\BA-Sauerteig\dblp_daten_gesamt\paper_expanded_hpl_k16_2016_25.06--09.34_edges669_intra306.pkl
09:34 Fertig. Berechnung in 7.7s abgeschlossen
09:34 ------------------------STOPP--------------------------------
09:46 ------------------------START-------2016------------
09:46 Hiveplotlaut fertig. Berechnung in 0.0s abgeschlossen.
09:46 Brute Force fertig. Berechnung in 7.6s abgeschlossen.
09:46 paperlike = True
09:46 Pipeline und Cleanup fertig. Berechnung in 7.7s abgeschlossen.
09:46 Post Processing fertig. Berechnung in 7.7s abgeschlossen.
09:46 Nicht expandiert Cache gespeichert: E:\Programming Workspace\Python\BA-Sauerteig\dblp_daten_gesamt\paper_hpl_k8_2016_25.06--09.46_edges353_intra306.pkl
09:46 Expandiert Cache gespeichert: E:\Programming Workspace\Python\BA-Sauerteig\dblp_daten_gesamt\paper_expanded_hpl_k16_2016_25.06--09.46_edges669_intra306.pkl
09:46 Fertig. Berechnung in 7.7s abgeschlossen
09:46 ------------------------STOPP--------------------------------
09:51 ------------------------START-------2016------------
09:51 Hiveplotlaut fertig. Berechnung in 0.0s abgeschlossen.
09:51 Brute Force fertig. Berechnung in 7.6s abgeschlossen.
09:51 paperlike = True
09:51 Pipeline und Cleanup fertig. Berechnung in 7.6s abgeschlossen.
09:51 Post Processing fertig. Berechnung in 7.6s abgeschlossen.
09:51 Nicht expandiert Cache gespeichert: E:\Programming Workspace\Python\BA-Sauerteig\dblp_daten_gesamt\paper_hpl_k8_2016_25.06--09.51_edges353_intra306.pkl
09:51 Expandiert Cache gespeichert: E:\Programming Workspace\Python\BA-Sauerteig\dblp_daten_gesamt\paper_expanded_hpl_k16_2016_25.06--09.51_edges669_intra306.pkl
09:51 Fertig. Berechnung in 7.6s abgeschlossen
09:51 ------------------------STOPP--------------------------------
09:52 ------------------------START-------2016------------
09:52 Hiveplotlaut fertig. Berechnung in 0.0s abgeschlossen.
09:52 Brute Force fertig. Berechnung in 7.6s abgeschlossen.
09:52 paperlike = True
09:52 Pipeline und Cleanup fertig. Berechnung in 7.6s abgeschlossen.
09:52 Post Processing fertig. Berechnung in 7.7s abgeschlossen.
09:52 Nicht expandiert Cache gespeichert: E:\Programming Workspace\Python\BA-Sauerteig\dblp_daten_gesamt\paper_hpl_k8_2016_25.06--09.52_edges353_intra306.pkl
09:52 Expandiert Cache gespeichert: E:\Programming Workspace\Python\BA-Sauerteig\dblp_daten_gesamt\paper_expanded_hpl_k16_2016_25.06--09.52_edges669_intra306.pkl
09:52 Fertig. Berechnung in 7.7s abgeschlossen
09:52 ------------------------STOPP--------------------------------
09:52 ------------------------START-------2016------------
09:52 Hiveplotlaut fertig. Berechnung in 0.0s abgeschlossen.
09:53 Brute Force fertig. Berechnung in 7.4s abgeschlossen.
09:53 paperlike = True
09:53 Pipeline und Cleanup fertig. Berechnung in 7.4s abgeschlossen.
09:53 Post Processing fertig. Berechnung in 7.5s abgeschlossen.
09:53 Nicht expandiert Cache gespeichert: E:\Programming Workspace\Python\BA-Sauerteig\dblp_daten_gesamt\paper_hpl_k8_2016_25.06--09.53_edges353_intra306.pkl
09:53 Expandiert Cache gespeichert: E:\Programming Workspace\Python\BA-Sauerteig\dblp_daten_gesamt\paper_expanded_hpl_k16_2016_25.06--09.53_edges669_intra306.pkl
09:53 Fertig. Berechnung in 7.5s abgeschlossen
09:53 ------------------------STOPP--------------------------------
09:54 ------------------------START-------2016------------
09:54 Hiveplotlaut fertig. Berechnung in 0.0s abgeschlossen.
09:55 Brute Force fertig. Berechnung in 7.6s abgeschlossen.
09:55 paperlike = True
09:55 Pipeline und Cleanup fertig. Berechnung in 7.6s abgeschlossen.
09:55 Post Processing fertig. Berechnung in 7.6s abgeschlossen.
09:55 Nicht expandiert Cache gespeichert: E:\Programming Workspace\Python\BA-Sauerteig\dblp_daten_gesamt\paper_hpl_k8_2016_25.06--09.55_edges353_intra306.pkl
09:55 Expandiert Cache gespeichert: E:\Programming Workspace\Python\BA-Sauerteig\dblp_daten_gesamt\paper_expanded_hpl_k16_2016_25.06--09.55_edges669_intra306.pkl
09:55 Fertig. Berechnung in 7.6s abgeschlossen
09:55 ------------------------STOPP--------------------------------
09:57 ------------------------START-------2016------------
09:57 Hiveplotlaut fertig. Berechnung in 0.0s abgeschlossen.
09:57 Brute Force fertig. Berechnung in 7.5s abgeschlossen.
09:57 paperlike = True
09:57 Pipeline und Cleanup fertig. Berechnung in 7.5s abgeschlossen.
09:57 Post Processing fertig. Berechnung in 7.5s abgeschlossen.
09:57 Nicht expandiert Cache gespeichert: E:\Programming Workspace\Python\BA-Sauerteig\dblp_daten_gesamt\paper_hpl_k8_2016_25.06--09.57_edges353_intra306.pkl
09:57 Expandiert Cache gespeichert: E:\Programming Workspace\Python\BA-Sauerteig\dblp_daten_gesamt\paper_expanded_hpl_k16_2016_25.06--09.57_edges669_intra306.pkl
09:57 Fertig. Berechnung in 7.5s abgeschlossen
09:57 ------------------------STOPP--------------------------------
09:59 ------------------------START-------2016------------
09:59 Hiveplotlaut fertig. Berechnung in 0.0s abgeschlossen.
09:59 Brute Force fertig. Berechnung in 7.5s abgeschlossen.
09:59 paperlike = True
09:59 Pipeline und Cleanup fertig. Berechnung in 7.5s abgeschlossen.
09:59 Post Processing fertig. Berechnung in 7.5s abgeschlossen.
09:59 Nicht expandiert Cache gespeichert: E:\Programming Workspace\Python\BA-Sauerteig\dblp_daten_gesamt\paper_hpl_k8_2016_25.06--09.59_edges353_intra306.pkl
09:59 Expandiert Cache gespeichert: E:\Programming Workspace\Python\BA-Sauerteig\dblp_daten_gesamt\paper_expanded_hpl_k16_2016_25.06--09.59_edges669_intra306.pkl
09:59 Fertig. Berechnung in 7.5s abgeschlossen
09:59 ------------------------STOPP--------------------------------
10:00 ------------------------START-------2016------------
10:00 Hiveplotlaut fertig. Berechnung in 0.0s abgeschlossen.
10:00 Brute Force fertig. Berechnung in 7.7s abgeschlossen.
10:00 paperlike = True
10:00 Pipeline und Cleanup fertig. Berechnung in 7.7s abgeschlossen.
10:00 ------------------------START-------2016------------
10:00 Hiveplotlaut fertig. Berechnung in 0.0s abgeschlossen.
10:00 Brute Force fertig. Berechnung in 7.5s abgeschlossen.
10:00 paperlike = True
10:00 Pipeline und Cleanup fertig. Berechnung in 7.5s abgeschlossen.
10:01 ------------------------START-------2016------------
10:01 Hiveplotlaut fertig. Berechnung in 0.0s abgeschlossen.
10:01 Brute Force fertig. Berechnung in 7.5s abgeschlossen.
10:01 paperlike = True
10:01 Pipeline und Cleanup fertig. Berechnung in 7.5s abgeschlossen.
10:01 ------------------------START-------2016------------
10:01 Hiveplotlaut fertig. Berechnung in 0.0s abgeschlossen.
10:01 Brute Force fertig. Berechnung in 7.6s abgeschlossen.
10:01 paperlike = True
10:01 Pipeline und Cleanup fertig. Berechnung in 7.6s abgeschlossen.
10:10 ------------------------START-------2016------------
10:10 Hiveplotlaut fertig. Berechnung in 0.0s abgeschlossen.
10:10 Brute Force fertig. Berechnung in 7.9s abgeschlossen.
10:10 paperlike = True
10:10 Pipeline und Cleanup fertig. Berechnung in 7.9s abgeschlossen.
10:10 Post Processing fertig. Berechnung in 7.9s abgeschlossen.
10:10 Fertig. Berechnung in 7.9s abgeschlossen
10:10 ------------------------STOPP--------------------------------
10:10 ------------------------START-------2016------------
10:10 Hiveplotlaut fertig. Berechnung in 0.0s abgeschlossen.
10:10 Brute Force fertig. Berechnung in 7.5s abgeschlossen.
10:10 paperlike = True
10:10 Pipeline und Cleanup fertig. Berechnung in 7.5s abgeschlossen.
10:10 Post Processing fertig. Berechnung in 7.6s abgeschlossen.
10:10 Fertig. Berechnung in 7.6s abgeschlossen
10:10 ------------------------STOPP--------------------------------
10:11 ------------------------START-------2016------------
10:11 Hiveplotlaut fertig. Berechnung in 0.0s abgeschlossen.
10:11 Brute Force fertig. Berechnung in 7.6s abgeschlossen.
10:11 paperlike = True
10:11 Pipeline und Cleanup fertig. Berechnung in 7.6s abgeschlossen.
10:11 Post Processing fertig. Berechnung in 7.6s abgeschlossen.
10:11 Fertig. Berechnung in 7.6s abgeschlossen
10:11 ------------------------STOPP--------------------------------
10:13 ------------------------START-------2016------------
10:13 Hiveplotlaut fertig. Berechnung in 0.0s abgeschlossen.
10:13 Brute Force fertig. Berechnung in 7.4s abgeschlossen.
10:13 paperlike = True
10:13 Pipeline und Cleanup fertig. Berechnung in 7.4s abgeschlossen.
10:13 Post Processing fertig. Berechnung in 7.4s abgeschlossen.
10:13 Fertig. Berechnung in 7.4s abgeschlossen
10:13 ------------------------STOPP--------------------------------
10:29 ------------------------START-------2016------------
10:29 Hiveplotlaut fertig. Berechnung in 0.0s abgeschlossen.
10:29 Brute Force fertig. Berechnung in 7.5s abgeschlossen.
10:29 paperlike = True
10:29 Pipeline und Cleanup fertig. Berechnung in 7.5s abgeschlossen.
10:29 Post Processing fertig. Berechnung in 7.5s abgeschlossen.
10:29 Fertig. Berechnung in 7.5s abgeschlossen
10:29 ------------------------STOPP--------------------------------
10:29 ------------------------START-------2016------------
10:29 Hiveplotlaut fertig. Berechnung in 0.0s abgeschlossen.
10:29 Brute Force fertig. Berechnung in 7.6s abgeschlossen.
10:29 paperlike = True
10:29 Pipeline und Cleanup fertig. Berechnung in 7.6s abgeschlossen.
10:29 Post Processing fertig. Berechnung in 7.6s abgeschlossen.
10:29 Fertig. Berechnung in 7.6s abgeschlossen
10:29 ------------------------STOPP--------------------------------
10:30 ------------------------START-------2016------------
10:30 Hiveplotlaut fertig. Berechnung in 0.0s abgeschlossen.
10:30 Brute Force fertig. Berechnung in 7.6s abgeschlossen.
10:30 paperlike = True
10:30 Pipeline und Cleanup fertig. Berechnung in 7.6s abgeschlossen.
10:30 Post Processing fertig. Berechnung in 7.6s abgeschlossen.
10:30 Fertig. Berechnung in 7.6s abgeschlossen
10:30 ------------------------STOPP--------------------------------
10:34 ------------------------START-------2016------------
10:34 Hiveplotlaut fertig. Berechnung in 0.0s abgeschlossen.
10:34 Brute Force fertig. Berechnung in 7.5s abgeschlossen.
10:34 paperlike = True
10:34 Pipeline und Cleanup fertig. Berechnung in 7.5s abgeschlossen.
10:34 Post Processing fertig. Berechnung in 7.5s abgeschlossen.
10:34 Fertig. Berechnung in 7.5s abgeschlossen
10:34 ------------------------STOPP--------------------------------
10:35 ------------------------START-------2016------------
10:35 Hiveplotlaut fertig. Berechnung in 0.0s abgeschlossen.
10:35 Brute Force fertig. Berechnung in 7.8s abgeschlossen.
10:35 paperlike = True
10:35 Pipeline und Cleanup fertig. Berechnung in 7.8s abgeschlossen.
10:35 Post Processing fertig. Berechnung in 7.8s abgeschlossen.
10:35 Fertig. Berechnung in 7.8s abgeschlossen
10:35 ------------------------STOPP--------------------------------
10:36 ------------------------START-------2016------------
10:36 Hiveplotlaut fertig. Berechnung in 0.0s abgeschlossen.
10:36 Brute Force fertig. Berechnung in 7.6s abgeschlossen.
10:36 paperlike = True
10:36 Pipeline und Cleanup fertig. Berechnung in 7.6s abgeschlossen.
10:36 Post Processing fertig. Berechnung in 7.6s abgeschlossen.
10:36 Fertig. Berechnung in 7.6s abgeschlossen
10:36 ------------------------STOPP--------------------------------
10:36 ------------------------START-------2016------------
10:36 Hiveplotlaut fertig. Berechnung in 0.0s abgeschlossen.
10:36 Brute Force fertig. Berechnung in 7.6s abgeschlossen.
10:36 paperlike = True
10:36 Pipeline und Cleanup fertig. Berechnung in 7.6s abgeschlossen.
10:36 Post Processing fertig. Berechnung in 7.6s abgeschlossen.
10:36 Fertig. Berechnung in 7.6s abgeschlossen
10:36 ------------------------STOPP--------------------------------
10:37 ------------------------START-------2016------------
10:37 Hiveplotlaut fertig. Berechnung in 0.0s abgeschlossen.
10:37 Brute Force fertig. Berechnung in 7.4s abgeschlossen.
10:37 paperlike = True
10:37 Pipeline und Cleanup fertig. Berechnung in 7.4s abgeschlossen.
10:37 Post Processing fertig. Berechnung in 7.5s abgeschlossen.
10:37 Fertig. Berechnung in 7.5s abgeschlossen
10:37 ------------------------STOPP--------------------------------
10:37 ------------------------START-------2016------------
10:37 Hiveplotlaut fertig. Berechnung in 0.0s abgeschlossen.
10:37 Brute Force fertig. Berechnung in 7.5s abgeschlossen.
10:37 paperlike = True
10:37 Pipeline und Cleanup fertig. Berechnung in 7.5s abgeschlossen.
10:37 Post Processing fertig. Berechnung in 7.5s abgeschlossen.
10:37 Fertig. Berechnung in 7.5s abgeschlossen
10:37 ------------------------STOPP--------------------------------
10:38 ------------------------START-------2016------------
10:38 Hiveplotlaut fertig. Berechnung in 0.0s abgeschlossen.
10:38 Brute Force fertig. Berechnung in 7.5s abgeschlossen.
10:38 paperlike = True
10:38 Pipeline und Cleanup fertig. Berechnung in 7.5s abgeschlossen.
10:38 Post Processing fertig. Berechnung in 7.5s abgeschlossen.
10:38 Fertig. Berechnung in 7.5s abgeschlossen
10:38 ------------------------STOPP--------------------------------
10:40 ------------------------START-------2016------------
10:40 Hiveplotlaut fertig. Berechnung in 0.0s abgeschlossen.
10:40 Brute Force fertig. Berechnung in 7.7s abgeschlossen.
10:40 paperlike = True
10:40 Pipeline und Cleanup fertig. Berechnung in 7.7s abgeschlossen.
10:40 Post Processing fertig. Berechnung in 7.7s abgeschlossen.
10:40 Fertig. Berechnung in 7.7s abgeschlossen
10:40 ------------------------STOPP--------------------------------
10:41 ------------------------START-------2016------------
10:41 Hiveplotlaut fertig. Berechnung in 0.0s abgeschlossen.
10:41 Brute Force fertig. Berechnung in 7.5s abgeschlossen.
10:41 paperlike = True
10:41 Pipeline und Cleanup fertig. Berechnung in 7.5s abgeschlossen.
10:41 Post Processing fertig. Berechnung in 7.5s abgeschlossen.
10:41 Fertig. Berechnung in 7.5s abgeschlossen
10:41 ------------------------STOPP--------------------------------
10:42 ------------------------START-------2016------------
10:42 Hiveplotlaut fertig. Berechnung in 0.0s abgeschlossen.
10:42 Brute Force fertig. Berechnung in 7.5s abgeschlossen.
10:42 paperlike = True
10:42 Pipeline und Cleanup fertig. Berechnung in 7.5s abgeschlossen.
10:42 Post Processing fertig. Berechnung in 7.5s abgeschlossen.
10:42 Fertig. Berechnung in 7.5s abgeschlossen
10:42 ------------------------STOPP--------------------------------
10:44 ------------------------START-------2016------------
10:44 Hiveplotlaut fertig. Berechnung in 0.0s abgeschlossen.
10:44 Brute Force fertig. Berechnung in 7.5s abgeschlossen.
10:44 paperlike = True
10:44 Pipeline und Cleanup fertig. Berechnung in 7.5s abgeschlossen.
10:44 Post Processing fertig. Berechnung in 7.5s abgeschlossen.
10:44 Fertig. Berechnung in 7.5s abgeschlossen
10:44 ------------------------STOPP--------------------------------
10:50 ------------------------START-------2016------------
10:50 Hiveplotlaut fertig. Berechnung in 0.0s abgeschlossen.
10:51 Brute Force fertig. Berechnung in 7.5s abgeschlossen.
10:51 paperlike = True
10:51 Pipeline und Cleanup fertig. Berechnung in 7.5s abgeschlossen.
10:51 Post Processing fertig. Berechnung in 7.5s abgeschlossen.
10:51 Fertig. Berechnung in 7.5s abgeschlossen
10:51 ------------------------STOPP--------------------------------
10:51 ------------------------START-------2016------------
10:51 Hiveplotlaut fertig. Berechnung in 0.0s abgeschlossen.
10:52 Brute Force fertig. Berechnung in 7.5s abgeschlossen.
10:52 paperlike = True
10:52 Pipeline und Cleanup fertig. Berechnung in 7.5s abgeschlossen.
10:52 Post Processing fertig. Berechnung in 7.5s abgeschlossen.
10:52 Fertig. Berechnung in 7.5s abgeschlossen
10:52 ------------------------STOPP--------------------------------
10:52 ------------------------START-------2016------------
10:52 Hiveplotlaut fertig. Berechnung in 0.0s abgeschlossen.
10:52 Brute Force fertig. Berechnung in 7.6s abgeschlossen.
10:52 paperlike = True
10:52 Pipeline und Cleanup fertig. Berechnung in 7.6s abgeschlossen.
10:52 Post Processing fertig. Berechnung in 7.6s abgeschlossen.
10:52 Fertig. Berechnung in 7.7s abgeschlossen
10:52 ------------------------STOPP--------------------------------
10:52 ------------------------START-------2016------------
10:52 Hiveplotlaut fertig. Berechnung in 0.0s abgeschlossen.
10:52 Brute Force fertig. Berechnung in 7.5s abgeschlossen.
10:52 paperlike = True
10:52 Pipeline und Cleanup fertig. Berechnung in 7.5s abgeschlossen.
10:52 Post Processing fertig. Berechnung in 7.5s abgeschlossen.
10:52 Fertig. Berechnung in 7.5s abgeschlossen
10:52 ------------------------STOPP--------------------------------
10:53 ------------------------START-------2016------------
10:53 Hiveplotlaut fertig. Berechnung in 0.0s abgeschlossen.
10:53 Brute Force fertig. Berechnung in 7.6s abgeschlossen.
10:53 paperlike = True
10:53 Pipeline und Cleanup fertig. Berechnung in 7.6s abgeschlossen.
10:53 Post Processing fertig. Berechnung in 7.6s abgeschlossen.
10:53 Fertig. Berechnung in 7.6s abgeschlossen
10:53 ------------------------STOPP--------------------------------
10:53 ------------------------START-------2016------------
10:53 Hiveplotlaut fertig. Berechnung in 0.0s abgeschlossen.
10:53 Brute Force fertig. Berechnung in 7.5s abgeschlossen.
10:53 paperlike = True
10:53 Pipeline und Cleanup fertig. Berechnung in 7.5s abgeschlossen.
10:53 Post Processing fertig. Berechnung in 7.5s abgeschlossen.
10:53 Fertig. Berechnung in 7.5s abgeschlossen
10:53 ------------------------STOPP--------------------------------
10:54 ------------------------START-------2016------------
10:54 Hiveplotlaut fertig. Berechnung in 0.0s abgeschlossen.
10:54 Brute Force fertig. Berechnung in 7.5s abgeschlossen.
10:54 paperlike = True
10:54 Pipeline und Cleanup fertig. Berechnung in 7.6s abgeschlossen.
10:54 Post Processing fertig. Berechnung in 7.6s abgeschlossen.
10:54 Fertig. Berechnung in 7.6s abgeschlossen
10:54 ------------------------STOPP--------------------------------
10:57 ------------------------START-------2016------------
10:57 Hiveplotlaut fertig. Berechnung in 0.0s abgeschlossen.
10:57 Brute Force fertig. Berechnung in 7.5s abgeschlossen.
10:57 paperlike = True
10:57 Pipeline und Cleanup fertig. Berechnung in 7.5s abgeschlossen.
10:57 Post Processing fertig. Berechnung in 7.5s abgeschlossen.
10:57 Fertig. Berechnung in 7.5s abgeschlossen
10:57 ------------------------STOPP--------------------------------
11:03 ------------------------START-------2016------------
11:03 Hiveplotlaut fertig. Berechnung in 0.0s abgeschlossen.
11:03 Brute Force fertig. Berechnung in 7.6s abgeschlossen.
11:03 paperlike = True
11:03 Pipeline und Cleanup fertig. Berechnung in 7.6s abgeschlossen.
11:03 Post Processing fertig. Berechnung in 7.6s abgeschlossen.
11:03 Fertig. Berechnung in 7.6s abgeschlossen
11:03 ------------------------STOPP--------------------------------
11:04 ------------------------START-------2016------------
11:04 Hiveplotlaut fertig. Berechnung in 0.0s abgeschlossen.
11:04 Brute Force fertig. Berechnung in 7.5s abgeschlossen.
11:04 paperlike = True
11:04 Pipeline und Cleanup fertig. Berechnung in 7.5s abgeschlossen.
11:04 Post Processing fertig. Berechnung in 7.5s abgeschlossen.
11:04 Fertig. Berechnung in 7.5s abgeschlossen
11:04 ------------------------STOPP--------------------------------
11:06 ------------------------START-------2016------------
11:06 Hiveplotlaut fertig. Berechnung in 0.0s abgeschlossen.
11:06 Brute Force fertig. Berechnung in 7.5s abgeschlossen.
11:06 paperlike = True
11:06 Pipeline und Cleanup fertig. Berechnung in 7.5s abgeschlossen.
11:06 Post Processing fertig. Berechnung in 7.5s abgeschlossen.
11:06 Fertig. Berechnung in 7.5s abgeschlossen
11:06 ------------------------STOPP--------------------------------
11:08 ------------------------START-------2016------------
11:08 Hiveplotlaut fertig. Berechnung in 0.0s abgeschlossen.
11:08 Brute Force fertig. Berechnung in 7.6s abgeschlossen.
11:08 paperlike = True
11:08 Pipeline und Cleanup fertig. Berechnung in 7.6s abgeschlossen.
11:08 Post Processing fertig. Berechnung in 7.6s abgeschlossen.
11:08 Fertig. Berechnung in 7.6s abgeschlossen
11:08 ------------------------STOPP--------------------------------
11:08 ------------------------START-------2016------------
11:08 Hiveplotlaut fertig. Berechnung in 0.0s abgeschlossen.
11:08 Brute Force fertig. Berechnung in 7.7s abgeschlossen.
11:08 paperlike = True
11:08 Pipeline und Cleanup fertig. Berechnung in 7.7s abgeschlossen.
11:08 Post Processing fertig. Berechnung in 7.8s abgeschlossen.
11:08 Fertig. Berechnung in 7.8s abgeschlossen
11:08 ------------------------STOPP--------------------------------
11:11 ------------------------START-------2016------------
11:11 Hiveplotlaut fertig. Berechnung in 0.0s abgeschlossen.
11:11 Brute Force fertig. Berechnung in 7.5s abgeschlossen.
11:11 paperlike = True
11:11 Pipeline und Cleanup fertig. Berechnung in 7.5s abgeschlossen.
11:11 Post Processing fertig. Berechnung in 7.5s abgeschlossen.
11:11 Fertig. Berechnung in 7.5s abgeschlossen
11:11 ------------------------STOPP--------------------------------
11:13 ------------------------START-------2016------------
11:13 Hiveplotlaut fertig. Berechnung in 0.0s abgeschlossen.
11:13 Brute Force fertig. Berechnung in 7.4s abgeschlossen.
11:13 paperlike = True
11:13 Pipeline und Cleanup fertig. Berechnung in 7.4s abgeschlossen.
11:13 Post Processing fertig. Berechnung in 7.4s abgeschlossen.
11:13 Fertig. Berechnung in 7.4s abgeschlossen
11:13 ------------------------STOPP--------------------------------
11:16 ------------------------START-------2016------------
11:16 Hiveplotlaut fertig. Berechnung in 0.0s abgeschlossen.
11:16 Brute Force fertig. Berechnung in 7.5s abgeschlossen.
11:16 paperlike = True
11:16 Pipeline und Cleanup fertig. Berechnung in 7.5s abgeschlossen.
11:17 ------------------------START-------2016------------
11:17 Hiveplotlaut fertig. Berechnung in 0.0s abgeschlossen.
11:17 Brute Force fertig. Berechnung in 7.5s abgeschlossen.
11:17 paperlike = True
11:17 Pipeline und Cleanup fertig. Berechnung in 7.5s abgeschlossen.
11:17 ------------------------START-------2016------------
11:17 Hiveplotlaut fertig. Berechnung in 0.0s abgeschlossen.
11:17 Brute Force fertig. Berechnung in 7.3s abgeschlossen.
11:17 paperlike = True
11:17 Pipeline und Cleanup fertig. Berechnung in 7.3s abgeschlossen.
11:17 Post Processing fertig. Berechnung in 7.3s abgeschlossen.
11:17 Fertig. Berechnung in 7.4s abgeschlossen
11:17 ------------------------STOPP--------------------------------
11:21 ------------------------START-------2016------------
11:21 Hiveplotlaut fertig. Berechnung in 0.0s abgeschlossen.
11:21 Brute Force fertig. Berechnung in 7.5s abgeschlossen.
11:21 paperlike = True
11:21 Pipeline und Cleanup fertig. Berechnung in 7.6s abgeschlossen.
11:21 Post Processing fertig. Berechnung in 7.6s abgeschlossen.
11:21 Fertig. Berechnung in 7.6s abgeschlossen
11:21 ------------------------STOPP--------------------------------
11:24 ------------------------START-------2016------------
11:24 Hiveplotlaut fertig. Berechnung in 0.0s abgeschlossen.
11:24 Brute Force fertig. Berechnung in 7.7s abgeschlossen.
11:24 paperlike = True
11:24 Pipeline und Cleanup fertig. Berechnung in 7.7s abgeschlossen.
11:24 Post Processing fertig. Berechnung in 7.7s abgeschlossen.
11:24 Fertig. Berechnung in 7.7s abgeschlossen
11:24 ------------------------STOPP--------------------------------
11:28 ------------------------START-------2016------------
11:28 Hiveplotlaut fertig. Berechnung in 0.0s abgeschlossen.
11:28 Brute Force fertig. Berechnung in 7.7s abgeschlossen.
11:28 paperlike = True
11:28 Pipeline und Cleanup fertig. Berechnung in 7.7s abgeschlossen.
11:28 Post Processing fertig. Berechnung in 7.8s abgeschlossen.
11:28 Fertig. Berechnung in 7.8s abgeschlossen
11:28 ------------------------STOPP--------------------------------
11:33 ------------------------START-------2016------------
11:33 Hiveplotlaut fertig. Berechnung in 0.0s abgeschlossen.
11:33 Brute Force fertig. Berechnung in 7.5s abgeschlossen.
11:33 paperlike = True
11:33 Pipeline und Cleanup fertig. Berechnung in 7.5s abgeschlossen.
11:33 Post Processing fertig. Berechnung in 7.5s abgeschlossen.
11:33 Fertig. Berechnung in 7.5s abgeschlossen
11:33 ------------------------STOPP--------------------------------
11:44 ------------------------START-------2016------------
11:44 Hiveplotlaut fertig. Berechnung in 0.0s abgeschlossen.
11:44 Brute Force fertig. Berechnung in 7.6s abgeschlossen.
11:44 paperlike = True
11:44 Pipeline und Cleanup fertig. Berechnung in 7.7s abgeschlossen.
11:45 ------------------------START-------2016------------
11:45 Hiveplotlaut fertig. Berechnung in 0.0s abgeschlossen.
11:45 Brute Force fertig. Berechnung in 7.3s abgeschlossen.
11:45 paperlike = True
11:45 Pipeline und Cleanup fertig. Berechnung in 7.3s abgeschlossen.
11:46 ------------------------START-------2016------------
11:46 Hiveplotlaut fertig. Berechnung in 0.0s abgeschlossen.
11:46 Brute Force fertig. Berechnung in 7.5s abgeschlossen.
11:46 paperlike = True
11:46 Pipeline und Cleanup fertig. Berechnung in 7.5s abgeschlossen.
11:46 Post Processing fertig. Berechnung in 7.5s abgeschlossen.
11:46 Fertig. Berechnung in 7.5s abgeschlossen
11:46 ------------------------STOPP--------------------------------
11:51 ------------------------START-------2016------------
11:51 Hiveplotlaut fertig. Berechnung in 0.0s abgeschlossen.
11:51 Brute Force fertig. Berechnung in 7.4s abgeschlossen.
11:51 paperlike = True
11:51 Pipeline und Cleanup fertig. Berechnung in 7.4s abgeschlossen.
11:52 ------------------------START-------2016------------
11:52 Hiveplotlaut fertig. Berechnung in 0.0s abgeschlossen.
11:52 Brute Force fertig. Berechnung in 7.5s abgeschlossen.
11:52 paperlike = True
11:52 Pipeline und Cleanup fertig. Berechnung in 7.5s abgeschlossen.
11:52 Post Processing fertig. Berechnung in 7.6s abgeschlossen.
11:52 Fertig. Berechnung in 7.6s abgeschlossen
11:52 ------------------------STOPP--------------------------------
11:57 ------------------------START-------2016------------
11:57 Hiveplotlaut fertig. Berechnung in 0.0s abgeschlossen.
11:57 Brute Force fertig. Berechnung in 7.5s abgeschlossen.
11:57 paperlike = True
11:57 Pipeline und Cleanup fertig. Berechnung in 7.5s abgeschlossen.
11:57 Post Processing fertig. Berechnung in 7.5s abgeschlossen.
11:57 Fertig. Berechnung in 7.5s abgeschlossen
11:57 ------------------------STOPP--------------------------------
11:59 ------------------------START-------2016------------
11:59 Hiveplotlaut fertig. Berechnung in 0.0s abgeschlossen.
11:59 Brute Force fertig. Berechnung in 7.5s abgeschlossen.
11:59 paperlike = True
11:59 Pipeline und Cleanup fertig. Berechnung in 7.5s abgeschlossen.
11:59 Post Processing fertig. Berechnung in 7.5s abgeschlossen.
11:59 Fertig. Berechnung in 7.5s abgeschlossen
11:59 ------------------------STOPP--------------------------------
12:02 ------------------------START-------2016------------
12:02 Hiveplotlaut fertig. Berechnung in 0.0s abgeschlossen.
12:02 Brute Force fertig. Berechnung in 7.6s abgeschlossen.
12:02 paperlike = True
12:02 Pipeline und Cleanup fertig. Berechnung in 7.6s abgeschlossen.
12:02 Post Processing fertig. Berechnung in 7.7s abgeschlossen.
12:02 Fertig. Berechnung in 7.7s abgeschlossen
12:02 ------------------------STOPP--------------------------------
12:04 ------------------------START-------2016------------
12:04 Hiveplotlaut fertig. Berechnung in 0.0s abgeschlossen.
12:04 Brute Force fertig. Berechnung in 7.6s abgeschlossen.
12:04 paperlike = True
12:04 Pipeline und Cleanup fertig. Berechnung in 7.6s abgeschlossen.
12:04 Post Processing fertig. Berechnung in 7.6s abgeschlossen.
12:04 Fertig. Berechnung in 7.6s abgeschlossen
12:04 ------------------------STOPP--------------------------------
12:09 ------------------------START-------2016------------
12:09 Hiveplotlaut fertig. Berechnung in 0.0s abgeschlossen.
12:09 Brute Force fertig. Berechnung in 7.5s abgeschlossen.
12:09 paperlike = True
12:09 Pipeline und Cleanup fertig. Berechnung in 7.5s abgeschlossen.
12:09 Post Processing fertig. Berechnung in 7.5s abgeschlossen.
12:09 Fertig. Berechnung in 7.5s abgeschlossen
12:09 ------------------------STOPP--------------------------------
12:16 ------------------------START-------2016------------
12:16 Hiveplotlaut fertig. Berechnung in 0.0s abgeschlossen.
12:16 Brute Force fertig. Berechnung in 7.8s abgeschlossen.
12:16 paperlike = True
12:16 Pipeline und Cleanup fertig. Berechnung in 7.8s abgeschlossen.
12:16 Post Processing fertig. Berechnung in 7.8s abgeschlossen.
12:16 Fertig. Berechnung in 7.8s abgeschlossen
12:16 ------------------------STOPP--------------------------------
12:18 ------------------------START-------2016------------
12:18 Hiveplotlaut fertig. Berechnung in 0.0s abgeschlossen.
12:18 Brute Force fertig. Berechnung in 7.5s abgeschlossen.
12:18 paperlike = True
12:18 Pipeline und Cleanup fertig. Berechnung in 7.5s abgeschlossen.
12:18 Post Processing fertig. Berechnung in 7.5s abgeschlossen.
12:18 Fertig. Berechnung in 7.5s abgeschlossen
12:18 ------------------------STOPP--------------------------------
12:21 ------------------------START-------2016------------
12:21 Hiveplotlaut fertig. Berechnung in 0.0s abgeschlossen.
12:21 Brute Force fertig. Berechnung in 7.4s abgeschlossen.
12:21 paperlike = True
12:21 Pipeline und Cleanup fertig. Berechnung in 7.4s abgeschlossen.
12:21 ------------------------START-------2016------------
12:21 Hiveplotlaut fertig. Berechnung in 0.0s abgeschlossen.
12:21 Brute Force fertig. Berechnung in 7.4s abgeschlossen.
12:21 paperlike = True
12:21 Pipeline und Cleanup fertig. Berechnung in 7.4s abgeschlossen.
12:21 Post Processing fertig. Berechnung in 7.4s abgeschlossen.
12:21 Fertig. Berechnung in 7.4s abgeschlossen
12:21 ------------------------STOPP--------------------------------
12:22 ------------------------START-------2016------------
12:22 Hiveplotlaut fertig. Berechnung in 0.0s abgeschlossen.
12:22 Brute Force fertig. Berechnung in 7.6s abgeschlossen.
12:22 paperlike = True
12:22 Pipeline und Cleanup fertig. Berechnung in 7.6s abgeschlossen.
12:22 Post Processing fertig. Berechnung in 7.6s abgeschlossen.
12:22 Fertig. Berechnung in 7.6s abgeschlossen
12:22 ------------------------STOPP--------------------------------
12:25 ------------------------START-------2016------------
12:25 Hiveplotlaut fertig. Berechnung in 0.0s abgeschlossen.
12:25 Brute Force fertig. Berechnung in 7.3s abgeschlossen.
12:25 paperlike = True
12:25 Pipeline und Cleanup fertig. Berechnung in 7.4s abgeschlossen.
12:25 Post Processing fertig. Berechnung in 7.4s abgeschlossen.
12:25 Fertig. Berechnung in 7.4s abgeschlossen
12:25 ------------------------STOPP--------------------------------
12:27 ------------------------START-------2016------------
12:27 Hiveplotlaut fertig. Berechnung in 0.0s abgeschlossen.
12:27 Brute Force fertig. Berechnung in 7.8s abgeschlossen.
12:27 paperlike = True
12:27 Pipeline und Cleanup fertig. Berechnung in 7.9s abgeschlossen.
12:27 Post Processing fertig. Berechnung in 7.9s abgeschlossen.
12:27 Fertig. Berechnung in 7.9s abgeschlossen
12:27 ------------------------STOPP--------------------------------
12:32 ------------------------START-------2016------------
12:32 Hiveplotlaut fertig. Berechnung in 0.0s abgeschlossen.
12:32 Brute Force fertig. Berechnung in 7.6s abgeschlossen.
12:32 paperlike = True
12:32 Pipeline und Cleanup fertig. Berechnung in 7.6s abgeschlossen.
12:32 Post Processing fertig. Berechnung in 7.6s abgeschlossen.
12:32 Fertig. Berechnung in 7.6s abgeschlossen
12:32 ------------------------STOPP--------------------------------
12:35 ------------------------START-------2016------------
12:35 Hiveplotlaut fertig. Berechnung in 0.0s abgeschlossen.
12:35 Brute Force fertig. Berechnung in 7.4s abgeschlossen.
12:35 paperlike = True
12:35 Pipeline und Cleanup fertig. Berechnung in 7.4s abgeschlossen.
12:35 Post Processing fertig. Berechnung in 7.5s abgeschlossen.
12:35 Fertig. Berechnung in 7.5s abgeschlossen
12:35 ------------------------STOPP--------------------------------
12:38 ------------------------START-------2016------------
12:38 Hiveplotlaut fertig. Berechnung in 0.0s abgeschlossen.
12:38 Brute Force fertig. Berechnung in 7.6s abgeschlossen.
12:38 paperlike = True
12:38 Pipeline und Cleanup fertig. Berechnung in 7.6s abgeschlossen.
12:38 Post Processing fertig. Berechnung in 7.6s abgeschlossen.
12:38 Fertig. Berechnung in 7.6s abgeschlossen
12:38 ------------------------STOPP--------------------------------
12:40 ------------------------START-------2016------------
12:40 Hiveplotlaut fertig. Berechnung in 0.0s abgeschlossen.
12:41 Brute Force fertig. Berechnung in 7.5s abgeschlossen.
12:41 paperlike = True
12:41 Pipeline und Cleanup fertig. Berechnung in 7.5s abgeschlossen.
12:41 Post Processing fertig. Berechnung in 7.5s abgeschlossen.
12:41 Fertig. Berechnung in 7.5s abgeschlossen
12:41 ------------------------STOPP--------------------------------
12:45 ------------------------START-------2016------------
12:45 Hiveplotlaut fertig. Berechnung in 0.0s abgeschlossen.
12:45 Brute Force fertig. Berechnung in 7.5s abgeschlossen.
12:45 paperlike = True
12:45 Pipeline und Cleanup fertig. Berechnung in 7.5s abgeschlossen.
12:45 Post Processing fertig. Berechnung in 7.5s abgeschlossen.
12:45 Fertig. Berechnung in 7.5s abgeschlossen
12:45 ------------------------STOPP--------------------------------
12:46 ------------------------START-------2016------------
12:46 Hiveplotlaut fertig. Berechnung in 0.0s abgeschlossen.
12:46 Brute Force fertig. Berechnung in 7.6s abgeschlossen.
12:46 paperlike = True
12:46 Pipeline und Cleanup fertig. Berechnung in 7.7s abgeschlossen.
12:46 Post Processing fertig. Berechnung in 7.7s abgeschlossen.
12:46 Fertig. Berechnung in 7.7s abgeschlossen
12:46 ------------------------STOPP--------------------------------
12:47 ------------------------START-------2016------------
12:47 Hiveplotlaut fertig. Berechnung in 0.0s abgeschlossen.
12:47 Brute Force fertig. Berechnung in 7.6s abgeschlossen.
12:47 paperlike = True
12:47 Pipeline und Cleanup fertig. Berechnung in 7.6s abgeschlossen.
12:47 Post Processing fertig. Berechnung in 7.6s abgeschlossen.
12:47 Fertig. Berechnung in 7.6s abgeschlossen
12:47 ------------------------STOPP--------------------------------
12:47 ------------------------START-------2016------------
12:47 Hiveplotlaut fertig. Berechnung in 0.0s abgeschlossen.
12:47 Brute Force fertig. Berechnung in 7.4s abgeschlossen.
12:47 paperlike = True
12:47 Pipeline und Cleanup fertig. Berechnung in 7.4s abgeschlossen.
12:47 Post Processing fertig. Berechnung in 7.4s abgeschlossen.
12:47 Fertig. Berechnung in 7.4s abgeschlossen
12:47 ------------------------STOPP--------------------------------
12:53 ------------------------START-------2016------------
12:53 Hiveplotlaut fertig. Berechnung in 0.0s abgeschlossen.
12:53 Brute Force fertig. Berechnung in 7.4s abgeschlossen.
12:53 paperlike = True
12:53 Pipeline und Cleanup fertig. Berechnung in 7.4s abgeschlossen.
12:53 Post Processing fertig. Berechnung in 7.4s abgeschlossen.
12:53 Fertig. Berechnung in 7.4s abgeschlossen
12:53 ------------------------STOPP--------------------------------
12:54 ------------------------START-------2016------------
12:54 Hiveplotlaut fertig. Berechnung in 0.0s abgeschlossen.
12:54 Brute Force fertig. Berechnung in 7.5s abgeschlossen.
12:54 paperlike = True
12:54 Pipeline und Cleanup fertig. Berechnung in 7.5s abgeschlossen.
12:54 Post Processing fertig. Berechnung in 7.5s abgeschlossen.
12:54 Fertig. Berechnung in 7.5s abgeschlossen
12:54 ------------------------STOPP--------------------------------
12:54 ------------------------START-------2016------------
12:54 Hiveplotlaut fertig. Berechnung in 0.0s abgeschlossen.
12:55 Brute Force fertig. Berechnung in 7.5s abgeschlossen.
12:55 paperlike = True
12:55 Pipeline und Cleanup fertig. Berechnung in 7.5s abgeschlossen.
12:55 Post Processing fertig. Berechnung in 7.5s abgeschlossen.
12:55 Fertig. Berechnung in 7.5s abgeschlossen
12:55 ------------------------STOPP--------------------------------
12:57 ------------------------START-------2016------------
12:57 Hiveplotlaut fertig. Berechnung in 0.0s abgeschlossen.
12:58 Brute Force fertig. Berechnung in 7.7s abgeschlossen.
12:58 paperlike = True
12:58 Pipeline und Cleanup fertig. Berechnung in 7.7s abgeschlossen.
12:58 Post Processing fertig. Berechnung in 7.7s abgeschlossen.
12:58 Fertig. Berechnung in 7.7s abgeschlossen
12:58 ------------------------STOPP--------------------------------
12:59 ------------------------START-------2016------------
12:59 Hiveplotlaut fertig. Berechnung in 0.0s abgeschlossen.
12:59 Brute Force fertig. Berechnung in 7.4s abgeschlossen.
12:59 paperlike = True
12:59 Pipeline und Cleanup fertig. Berechnung in 7.4s abgeschlossen.
12:59 Post Processing fertig. Berechnung in 7.4s abgeschlossen.
12:59 Fertig. Berechnung in 7.4s abgeschlossen
12:59 ------------------------STOPP--------------------------------
13:06 ------------------------START-------2016------------
13:06 Hiveplotlaut fertig. Berechnung in 0.0s abgeschlossen.
13:06 Brute Force fertig. Berechnung in 7.5s abgeschlossen.
13:06 paperlike = True
13:06 Pipeline und Cleanup fertig. Berechnung in 7.5s abgeschlossen.
13:06 Post Processing fertig. Berechnung in 7.5s abgeschlossen.
13:06 Fertig. Berechnung in 7.5s abgeschlossen
13:06 ------------------------STOPP--------------------------------
13:07 ------------------------START-------2016------------
13:07 Hiveplotlaut fertig. Berechnung in 0.0s abgeschlossen.
13:07 Brute Force fertig. Berechnung in 7.4s abgeschlossen.
13:07 paperlike = True
13:07 Pipeline und Cleanup fertig. Berechnung in 7.4s abgeschlossen.
13:07 Post Processing fertig. Berechnung in 7.4s abgeschlossen.
13:08 ------------------------START-------2016------------
13:08 Hiveplotlaut fertig. Berechnung in 0.0s abgeschlossen.
13:08 Brute Force fertig. Berechnung in 7.6s abgeschlossen.
13:08 paperlike = True
13:08 Pipeline und Cleanup fertig. Berechnung in 7.6s abgeschlossen.
13:08 Post Processing fertig. Berechnung in 7.7s abgeschlossen.
13:08 Fertig. Berechnung in 7.7s abgeschlossen
13:08 ------------------------STOPP--------------------------------
13:09 ------------------------START-------2016------------
13:09 Hiveplotlaut fertig. Berechnung in 0.0s abgeschlossen.
13:09 Brute Force fertig. Berechnung in 7.3s abgeschlossen.
13:09 paperlike = True
13:09 Pipeline und Cleanup fertig. Berechnung in 7.3s abgeschlossen.
13:09 Post Processing fertig. Berechnung in 7.3s abgeschlossen.
13:09 Fertig. Berechnung in 7.3s abgeschlossen
13:09 ------------------------STOPP--------------------------------
13:11 ------------------------START-------2016------------
13:11 Hiveplotlaut fertig. Berechnung in 0.0s abgeschlossen.
13:11 Brute Force fertig. Berechnung in 7.5s abgeschlossen.
13:11 paperlike = True
13:11 Pipeline und Cleanup fertig. Berechnung in 7.5s abgeschlossen.
13:11 Post Processing fertig. Berechnung in 7.5s abgeschlossen.
13:11 Fertig. Berechnung in 7.5s abgeschlossen
13:11 ------------------------STOPP--------------------------------
13:11 ------------------------START-------2016------------
13:11 Hiveplotlaut fertig. Berechnung in 0.0s abgeschlossen.
13:11 Brute Force fertig. Berechnung in 7.4s abgeschlossen.
13:11 paperlike = True
13:11 Pipeline und Cleanup fertig. Berechnung in 7.4s abgeschlossen.
13:11 Post Processing fertig. Berechnung in 7.4s abgeschlossen.
13:11 Fertig. Berechnung in 7.4s abgeschlossen
13:11 ------------------------STOPP--------------------------------
13:12 ------------------------START-------2016------------
13:12 Hiveplotlaut fertig. Berechnung in 0.0s abgeschlossen.
13:12 Brute Force fertig. Berechnung in 7.4s abgeschlossen.
13:12 paperlike = True
13:12 Pipeline und Cleanup fertig. Berechnung in 7.4s abgeschlossen.
13:12 Post Processing fertig. Berechnung in 7.4s abgeschlossen.
13:12 Fertig. Berechnung in 7.4s abgeschlossen
13:12 ------------------------STOPP--------------------------------
13:13 ------------------------START-------2016------------
13:13 Hiveplotlaut fertig. Berechnung in 0.0s abgeschlossen.
13:13 Brute Force fertig. Berechnung in 7.5s abgeschlossen.
13:13 paperlike = True
13:13 Pipeline und Cleanup fertig. Berechnung in 7.5s abgeschlossen.
13:13 Post Processing fertig. Berechnung in 7.5s abgeschlossen.
13:13 Fertig. Berechnung in 7.5s abgeschlossen
13:13 ------------------------STOPP--------------------------------
13:13 ------------------------START-------2016------------
13:13 Hiveplotlaut fertig. Berechnung in 0.0s abgeschlossen.
13:13 Brute Force fertig. Berechnung in 7.2s abgeschlossen.
13:13 paperlike = True
13:13 Pipeline und Cleanup fertig. Berechnung in 7.2s abgeschlossen.
13:13 Post Processing fertig. Berechnung in 7.2s abgeschlossen.
13:13 Fertig. Berechnung in 7.2s abgeschlossen
13:13 ------------------------STOPP--------------------------------
13:16 ------------------------START-------2016------------
13:16 Hiveplotlaut fertig. Berechnung in 0.0s abgeschlossen.
13:16 Brute Force fertig. Berechnung in 7.4s abgeschlossen.
13:16 paperlike = True
13:16 Pipeline und Cleanup fertig. Berechnung in 7.4s abgeschlossen.
13:16 Post Processing fertig. Berechnung in 7.4s abgeschlossen.
13:16 Fertig. Berechnung in 7.4s abgeschlossen
13:16 ------------------------STOPP--------------------------------
13:17 ------------------------START-------2016------------
13:17 Hiveplotlaut fertig. Berechnung in 0.0s abgeschlossen.
13:17 Brute Force fertig. Berechnung in 7.5s abgeschlossen.
13:17 paperlike = True
13:17 Pipeline und Cleanup fertig. Berechnung in 7.5s abgeschlossen.
13:17 Post Processing fertig. Berechnung in 7.5s abgeschlossen.
13:17 Fertig. Berechnung in 7.6s abgeschlossen
13:17 ------------------------STOPP--------------------------------
13:17 ------------------------START-------2016------------
13:17 Hiveplotlaut fertig. Berechnung in 0.0s abgeschlossen.
13:18 Brute Force fertig. Berechnung in 7.4s abgeschlossen.
13:18 paperlike = True
13:18 Pipeline und Cleanup fertig. Berechnung in 7.4s abgeschlossen.
13:18 Post Processing fertig. Berechnung in 7.4s abgeschlossen.
13:18 Fertig. Berechnung in 7.4s abgeschlossen
13:18 ------------------------STOPP--------------------------------
13:18 ------------------------START-------2016------------
13:18 Hiveplotlaut fertig. Berechnung in 0.0s abgeschlossen.
13:19 Brute Force fertig. Berechnung in 7.6s abgeschlossen.
13:19 paperlike = True
13:19 Pipeline und Cleanup fertig. Berechnung in 7.6s abgeschlossen.
13:19 Post Processing fertig. Berechnung in 7.6s abgeschlossen.
13:19 Fertig. Berechnung in 7.6s abgeschlossen
13:19 ------------------------STOPP--------------------------------
13:19 ------------------------START-------2016------------
13:19 Hiveplotlaut fertig. Berechnung in 0.0s abgeschlossen.
13:20 Brute Force fertig. Berechnung in 7.5s abgeschlossen.
13:20 paperlike = True
13:20 Pipeline und Cleanup fertig. Berechnung in 7.6s abgeschlossen.
13:20 Post Processing fertig. Berechnung in 7.6s abgeschlossen.
13:20 Fertig. Berechnung in 7.6s abgeschlossen
13:20 ------------------------STOPP--------------------------------
13:20 ------------------------START-------2016------------
13:20 Hiveplotlaut fertig. Berechnung in 0.0s abgeschlossen.
13:20 Brute Force fertig. Berechnung in 7.4s abgeschlossen.
13:20 paperlike = True
13:20 Pipeline und Cleanup fertig. Berechnung in 7.4s abgeschlossen.
13:20 Post Processing fertig. Berechnung in 7.4s abgeschlossen.
13:20 Fertig. Berechnung in 7.4s abgeschlossen
13:20 ------------------------STOPP--------------------------------
13:21 ------------------------START-------2016------------
13:21 Hiveplotlaut fertig. Berechnung in 0.0s abgeschlossen.
13:21 Brute Force fertig. Berechnung in 7.5s abgeschlossen.
13:21 paperlike = True
13:21 Pipeline und Cleanup fertig. Berechnung in 7.5s abgeschlossen.
13:21 Post Processing fertig. Berechnung in 7.5s abgeschlossen.
13:21 Fertig. Berechnung in 7.5s abgeschlossen
13:21 ------------------------STOPP--------------------------------
13:21 ------------------------START-------2016------------
13:21 Hiveplotlaut fertig. Berechnung in 0.0s abgeschlossen.
13:21 Brute Force fertig. Berechnung in 7.6s abgeschlossen.
13:21 paperlike = True
13:21 Pipeline und Cleanup fertig. Berechnung in 7.6s abgeschlossen.
13:21 Post Processing fertig. Berechnung in 7.6s abgeschlossen.
13:21 Fertig. Berechnung in 7.6s abgeschlossen
13:21 ------------------------STOPP--------------------------------
13:22 ------------------------START-------2016------------
13:22 Hiveplotlaut fertig. Berechnung in 0.0s abgeschlossen.
13:22 Brute Force fertig. Berechnung in 7.7s abgeschlossen.
13:22 paperlike = True
13:22 Pipeline und Cleanup fertig. Berechnung in 7.7s abgeschlossen.
13:22 Post Processing fertig. Berechnung in 7.7s abgeschlossen.
13:22 Fertig. Berechnung in 7.7s abgeschlossen
13:22 ------------------------STOPP--------------------------------
13:22 ------------------------START-------2016------------
13:22 Hiveplotlaut fertig. Berechnung in 0.0s abgeschlossen.
13:22 Brute Force fertig. Berechnung in 7.5s abgeschlossen.
13:22 paperlike = True
13:22 Pipeline und Cleanup fertig. Berechnung in 7.5s abgeschlossen.
13:22 Post Processing fertig. Berechnung in 7.5s abgeschlossen.
13:22 Fertig. Berechnung in 7.5s abgeschlossen
13:22 ------------------------STOPP--------------------------------
13:24 ------------------------START-------2016------------
13:24 Hiveplotlaut fertig. Berechnung in 0.0s abgeschlossen.
13:24 Brute Force fertig. Berechnung in 7.6s abgeschlossen.
13:24 paperlike = True
13:24 Pipeline und Cleanup fertig. Berechnung in 7.6s abgeschlossen.
13:24 Post Processing fertig. Berechnung in 7.6s abgeschlossen.
13:24 Fertig. Berechnung in 7.6s abgeschlossen
13:24 ------------------------STOPP--------------------------------
13:25 ------------------------START-------2016------------
13:25 Hiveplotlaut fertig. Berechnung in 0.0s abgeschlossen.
13:25 Brute Force fertig. Berechnung in 7.3s abgeschlossen.
13:25 paperlike = True
13:25 Pipeline und Cleanup fertig. Berechnung in 7.3s abgeschlossen.
13:25 Post Processing fertig. Berechnung in 7.3s abgeschlossen.
13:25 Fertig. Berechnung in 7.3s abgeschlossen
13:25 ------------------------STOPP--------------------------------
13:26 ------------------------START-------2016------------
13:26 Hiveplotlaut fertig. Berechnung in 0.0s abgeschlossen.
13:26 Brute Force fertig. Berechnung in 7.5s abgeschlossen.
13:26 paperlike = True
13:26 Pipeline und Cleanup fertig. Berechnung in 7.5s abgeschlossen.
13:26 Post Processing fertig. Berechnung in 7.6s abgeschlossen.
13:26 Fertig. Berechnung in 7.6s abgeschlossen
13:26 ------------------------STOPP--------------------------------
13:38 ------------------------START-------2016------------
13:38 Hiveplotlaut fertig. Berechnung in 0.0s abgeschlossen.
13:38 Brute Force fertig. Berechnung in 7.5s abgeschlossen.
13:38 paperlike = True
13:38 Pipeline und Cleanup fertig. Berechnung in 7.5s abgeschlossen.
13:42 ------------------------START-------2016------------
13:42 Hiveplotlaut fertig. Berechnung in 0.0s abgeschlossen.
13:42 Brute Force fertig. Berechnung in 7.4s abgeschlossen.
13:42 paperlike = True
13:42 Pipeline und Cleanup fertig. Berechnung in 7.4s abgeschlossen.
13:42 ------------------------START-------2016------------
13:42 Hiveplotlaut fertig. Berechnung in 0.0s abgeschlossen.
13:43 Brute Force fertig. Berechnung in 7.4s abgeschlossen.
13:43 paperlike = True
13:43 Pipeline und Cleanup fertig. Berechnung in 7.4s abgeschlossen.
13:44 ------------------------START-------2016------------
13:44 Hiveplotlaut fertig. Berechnung in 0.0s abgeschlossen.
13:44 Brute Force fertig. Berechnung in 7.5s abgeschlossen.
13:44 paperlike = True
13:44 Pipeline und Cleanup fertig. Berechnung in 7.5s abgeschlossen.
13:44 Post Processing fertig. Berechnung in 7.7s abgeschlossen.
13:44 Fertig. Berechnung in 7.8s abgeschlossen
13:44 ------------------------STOPP--------------------------------
13:45 ------------------------START-------2016------------
13:45 Hiveplotlaut fertig. Berechnung in 0.0s abgeschlossen.
13:45 Brute Force fertig. Berechnung in 7.4s abgeschlossen.
13:45 paperlike = True
13:45 Pipeline und Cleanup fertig. Berechnung in 7.4s abgeschlossen.
13:45 Post Processing fertig. Berechnung in 7.5s abgeschlossen.
13:45 Fertig. Berechnung in 7.7s abgeschlossen
13:45 ------------------------STOPP--------------------------------
13:47 ------------------------START-------2016------------
13:47 Hiveplotlaut fertig. Berechnung in 0.0s abgeschlossen.
13:47 Brute Force fertig. Berechnung in 7.5s abgeschlossen.
13:47 paperlike = True
13:47 Pipeline und Cleanup fertig. Berechnung in 7.5s abgeschlossen.
13:47 Post Processing fertig. Berechnung in 7.6s abgeschlossen.
13:47 Fertig. Berechnung in 7.8s abgeschlossen
13:47 ------------------------STOPP--------------------------------
13:57 ------------------------START-------2016------------
13:57 Hiveplotlaut fertig. Berechnung in 0.0s abgeschlossen.
13:58 Brute Force fertig. Berechnung in 7.5s abgeschlossen.
13:58 paperlike = True
13:58 Pipeline und Cleanup fertig. Berechnung in 7.5s abgeschlossen.
13:58 Post Processing fertig. Berechnung in 7.7s abgeschlossen.
13:58 Fertig. Berechnung in 7.9s abgeschlossen
13:58 ------------------------STOPP--------------------------------
14:00 ------------------------START-------2016------------
14:00 Hiveplotlaut fertig. Berechnung in 0.0s abgeschlossen.
14:00 Brute Force fertig. Berechnung in 7.6s abgeschlossen.
14:00 paperlike = True
14:00 Pipeline und Cleanup fertig. Berechnung in 7.6s abgeschlossen.
14:00 Post Processing fertig. Berechnung in 7.8s abgeschlossen.
14:00 Fertig. Berechnung in 8.0s abgeschlossen
14:00 ------------------------STOPP--------------------------------
14:01 ------------------------START-------2016------------
14:01 Hiveplotlaut fertig. Berechnung in 0.0s abgeschlossen.
14:01 Brute Force fertig. Berechnung in 7.6s abgeschlossen.
14:01 paperlike = True
14:01 Pipeline und Cleanup fertig. Berechnung in 7.6s abgeschlossen.
14:01 Post Processing fertig. Berechnung in 7.8s abgeschlossen.
14:01 Fertig. Berechnung in 8.0s abgeschlossen
14:01 ------------------------STOPP--------------------------------
14:01 ------------------------START-------2016------------
14:01 Hiveplotlaut fertig. Berechnung in 0.0s abgeschlossen.
14:01 Brute Force fertig. Berechnung in 7.3s abgeschlossen.
14:01 paperlike = True
14:01 Pipeline und Cleanup fertig. Berechnung in 7.3s abgeschlossen.
14:01 Post Processing fertig. Berechnung in 7.5s abgeschlossen.
14:01 Fertig. Berechnung in 7.7s abgeschlossen
14:01 ------------------------STOPP--------------------------------
14:03 ------------------------START-------2016------------
14:03 Hiveplotlaut fertig. Berechnung in 0.0s abgeschlossen.
14:03 Brute Force fertig. Berechnung in 7.4s abgeschlossen.
14:03 paperlike = True
14:03 Pipeline und Cleanup fertig. Berechnung in 7.4s abgeschlossen.
14:03 Post Processing fertig. Berechnung in 7.6s abgeschlossen.
14:03 Fertig. Berechnung in 7.8s abgeschlossen
14:03 ------------------------STOPP--------------------------------
14:03 ------------------------START-------2016------------
14:03 Hiveplotlaut fertig. Berechnung in 0.0s abgeschlossen.
14:04 Brute Force fertig. Berechnung in 7.5s abgeschlossen.
14:04 paperlike = True
14:04 Pipeline und Cleanup fertig. Berechnung in 7.5s abgeschlossen.
14:04 Post Processing fertig. Berechnung in 7.6s abgeschlossen.
14:04 Fertig. Berechnung in 7.8s abgeschlossen
14:04 ------------------------STOPP--------------------------------
14:04 ------------------------START-------2016------------
14:04 Hiveplotlaut fertig. Berechnung in 0.0s abgeschlossen.
14:04 Brute Force fertig. Berechnung in 7.6s abgeschlossen.
14:04 paperlike = True
14:04 Pipeline und Cleanup fertig. Berechnung in 7.6s abgeschlossen.
14:04 Post Processing fertig. Berechnung in 7.8s abgeschlossen.
14:04 Fertig. Berechnung in 8.0s abgeschlossen
14:04 ------------------------STOPP--------------------------------
14:11 ------------------------START-------2016------------
14:11 Hiveplotlaut fertig. Berechnung in 0.0s abgeschlossen.
14:11 Brute Force fertig. Berechnung in 7.5s abgeschlossen.
14:11 paperlike = True
14:11 Pipeline und Cleanup fertig. Berechnung in 7.5s abgeschlossen.
14:11 Post Processing fertig. Berechnung in 7.7s abgeschlossen.
14:11 Fertig. Berechnung in 7.9s abgeschlossen
14:11 ------------------------STOPP--------------------------------
14:11 ------------------------START-------2016------------
14:11 Hiveplotlaut fertig. Berechnung in 0.0s abgeschlossen.
14:11 Brute Force fertig. Berechnung in 8.4s abgeschlossen.
14:11 paperlike = True
14:11 Pipeline und Cleanup fertig. Berechnung in 8.4s abgeschlossen.
14:11 Post Processing fertig. Berechnung in 8.6s abgeschlossen.
14:11 Fertig. Berechnung in 8.8s abgeschlossen
14:11 ------------------------STOPP--------------------------------
14:12 ------------------------START-------2016------------
14:12 Hiveplotlaut fertig. Berechnung in 0.0s abgeschlossen.
14:12 Brute Force fertig. Berechnung in 7.4s abgeschlossen.
14:12 paperlike = True
14:12 Pipeline und Cleanup fertig. Berechnung in 7.4s abgeschlossen.
14:12 Post Processing fertig. Berechnung in 7.6s abgeschlossen.
14:12 Fertig. Berechnung in 7.8s abgeschlossen
14:12 ------------------------STOPP--------------------------------
14:13 ------------------------START-------2016------------
14:13 Hiveplotlaut fertig. Berechnung in 0.0s abgeschlossen.
14:13 Brute Force fertig. Berechnung in 7.4s abgeschlossen.
14:13 paperlike = True
14:13 Pipeline und Cleanup fertig. Berechnung in 7.4s abgeschlossen.
14:13 Post Processing fertig. Berechnung in 7.5s abgeschlossen.
14:13 Fertig. Berechnung in 7.7s abgeschlossen
14:13 ------------------------STOPP--------------------------------
15:08 ------------------------START-------2016------------
15:08 Hiveplotlaut fertig. Berechnung in 0.0s abgeschlossen.
15:09 Brute Force fertig. Berechnung in 7.6s abgeschlossen.
15:09 paperlike = True
15:09 Pipeline und Cleanup fertig. Berechnung in 7.6s abgeschlossen.
15:09 Post Processing fertig. Berechnung in 7.7s abgeschlossen.
15:12 ------------------------START-------2016------------
15:12 Hiveplotlaut fertig. Berechnung in 0.0s abgeschlossen.
15:13 Brute Force fertig. Berechnung in 7.4s abgeschlossen.
15:13 paperlike = True
15:13 Pipeline und Cleanup fertig. Berechnung in 7.4s abgeschlossen.
15:13 Post Processing fertig. Berechnung in 7.5s abgeschlossen.
15:13 Fertig. Berechnung in 7.7s abgeschlossen
15:13 ------------------------STOPP--------------------------------
15:14 ------------------------START-------2016------------
15:14 Hiveplotlaut fertig. Berechnung in 0.0s abgeschlossen.
15:14 Brute Force fertig. Berechnung in 7.3s abgeschlossen.
15:14 paperlike = True
15:14 Pipeline und Cleanup fertig. Berechnung in 7.3s abgeschlossen.
15:14 Post Processing fertig. Berechnung in 7.5s abgeschlossen.
15:14 Fertig. Berechnung in 7.7s abgeschlossen
15:14 ------------------------STOPP--------------------------------
15:19 ------------------------START-------2016------------
15:19 Hiveplotlaut fertig. Berechnung in 0.0s abgeschlossen.
15:19 Brute Force fertig. Berechnung in 7.4s abgeschlossen.
15:19 paperlike = True
15:19 Pipeline und Cleanup fertig. Berechnung in 7.4s abgeschlossen.
15:19 Post Processing fertig. Berechnung in 7.5s abgeschlossen.
15:19 Fertig. Berechnung in 7.7s abgeschlossen
15:19 ------------------------STOPP--------------------------------
15:21 ------------------------START-------2016------------
15:21 Hiveplotlaut fertig. Berechnung in 0.0s abgeschlossen.
15:21 Brute Force fertig. Berechnung in 7.3s abgeschlossen.
15:21 paperlike = True
15:21 Pipeline und Cleanup fertig. Berechnung in 7.3s abgeschlossen.
15:21 Post Processing fertig. Berechnung in 7.5s abgeschlossen.
15:21 Fertig. Berechnung in 7.7s abgeschlossen
15:21 ------------------------STOPP--------------------------------
15:22 ------------------------START-------2016------------
15:22 Hiveplotlaut fertig. Berechnung in 0.0s abgeschlossen.
15:22 Brute Force fertig. Berechnung in 7.4s abgeschlossen.
15:22 paperlike = True
15:22 Pipeline und Cleanup fertig. Berechnung in 7.4s abgeschlossen.
15:22 Post Processing fertig. Berechnung in 7.5s abgeschlossen.
15:22 Fertig. Berechnung in 7.7s abgeschlossen
15:22 ------------------------STOPP--------------------------------
15:22 ------------------------START-------2016------------
15:22 Hiveplotlaut fertig. Berechnung in 0.0s abgeschlossen.
15:23 Brute Force fertig. Berechnung in 7.5s abgeschlossen.
15:23 paperlike = True
15:23 Pipeline und Cleanup fertig. Berechnung in 7.5s abgeschlossen.
15:23 Post Processing fertig. Berechnung in 7.7s abgeschlossen.
15:23 Fertig. Berechnung in 7.9s abgeschlossen
15:23 ------------------------STOPP--------------------------------
15:23 ------------------------START-------2016------------
15:23 Hiveplotlaut fertig. Berechnung in 0.0s abgeschlossen.
15:23 Brute Force fertig. Berechnung in 7.5s abgeschlossen.
15:23 paperlike = True
15:23 Pipeline und Cleanup fertig. Berechnung in 7.5s abgeschlossen.
15:23 Post Processing fertig. Berechnung in 7.7s abgeschlossen.
15:23 Fertig. Berechnung in 7.9s abgeschlossen
15:23 ------------------------STOPP--------------------------------
15:26 ------------------------START-------2016------------
15:26 Hiveplotlaut fertig. Berechnung in 0.0s abgeschlossen.
15:26 Brute Force fertig. Berechnung in 7.4s abgeschlossen.
15:26 paperlike = True
15:26 Pipeline und Cleanup fertig. Berechnung in 7.4s abgeschlossen.
15:26 Post Processing fertig. Berechnung in 7.6s abgeschlossen.
15:26 Fertig. Berechnung in 7.8s abgeschlossen
15:26 ------------------------STOPP--------------------------------
15:31 ------------------------START-------2016------------
15:31 Hiveplotlaut fertig. Berechnung in 0.0s abgeschlossen.
15:31 Brute Force fertig. Berechnung in 7.3s abgeschlossen.
15:31 paperlike = True
15:31 Pipeline und Cleanup fertig. Berechnung in 7.3s abgeschlossen.
15:31 Post Processing fertig. Berechnung in 7.5s abgeschlossen.
15:31 Fertig. Berechnung in 7.7s abgeschlossen
15:31 ------------------------STOPP--------------------------------
15:32 ------------------------START-------2016------------
15:32 Hiveplotlaut fertig. Berechnung in 0.0s abgeschlossen.
15:32 Brute Force fertig. Berechnung in 7.3s abgeschlossen.
15:32 paperlike = True
15:32 Pipeline und Cleanup fertig. Berechnung in 7.3s abgeschlossen.
15:32 Post Processing fertig. Berechnung in 7.5s abgeschlossen.
15:32 Fertig. Berechnung in 7.6s abgeschlossen
15:32 ------------------------STOPP--------------------------------
15:33 ------------------------START-------2016------------
15:33 Hiveplotlaut fertig. Berechnung in 0.0s abgeschlossen.
15:34 Brute Force fertig. Berechnung in 7.3s abgeschlossen.
15:34 paperlike = True
15:34 Pipeline und Cleanup fertig. Berechnung in 7.3s abgeschlossen.
15:34 Post Processing fertig. Berechnung in 7.5s abgeschlossen.
15:34 Fertig. Berechnung in 7.7s abgeschlossen
15:34 ------------------------STOPP--------------------------------
15:35 ------------------------START-------2016------------
15:35 Hiveplotlaut fertig. Berechnung in 0.0s abgeschlossen.
15:35 Brute Force fertig. Berechnung in 7.4s abgeschlossen.
15:35 paperlike = False
15:35 Pipeline und Cleanup fertig. Berechnung in 7.4s abgeschlossen.
15:35 Fertig. Berechnung in 7.6s abgeschlossen
15:35 ------------------------STOPP--------------------------------
15:36 ------------------------START-------2016------------
15:36 Hiveplotlaut fertig. Berechnung in 0.0s abgeschlossen.
15:36 Brute Force fertig. Berechnung in 7.4s abgeschlossen.
15:36 paperlike = False
15:36 Pipeline und Cleanup fertig. Berechnung in 7.4s abgeschlossen.
15:36 Fertig. Berechnung in 7.5s abgeschlossen
15:36 ------------------------STOPP--------------------------------
15:37 ------------------------START-------2016------------
15:37 Hiveplotlaut fertig. Berechnung in 0.0s abgeschlossen.
15:37 Brute Force fertig. Berechnung in 7.6s abgeschlossen.
15:37 paperlike = False
15:37 Pipeline und Cleanup fertig. Berechnung in 7.6s abgeschlossen.
15:37 Fertig. Berechnung in 7.7s abgeschlossen
15:37 ------------------------STOPP--------------------------------
15:38 ------------------------START-------2016------------
15:38 Hiveplotlaut fertig. Berechnung in 0.0s abgeschlossen.
15:38 Brute Force fertig. Berechnung in 7.6s abgeschlossen.
15:38 paperlike = False
15:38 Pipeline und Cleanup fertig. Berechnung in 7.6s abgeschlossen.
15:38 Fertig. Berechnung in 7.8s abgeschlossen
15:38 ------------------------STOPP--------------------------------
15:39 ------------------------START-------2016------------
15:39 Hiveplotlaut fertig. Berechnung in 0.0s abgeschlossen.
15:39 Brute Force fertig. Berechnung in 7.5s abgeschlossen.
15:39 paperlike = True
15:39 Pipeline und Cleanup fertig. Berechnung in 7.5s abgeschlossen.
15:39 Post Processing fertig. Berechnung in 7.7s abgeschlossen.
15:39 Fertig. Berechnung in 7.8s abgeschlossen
15:39 ------------------------STOPP--------------------------------
15:45 ------------------------START-------2016------------
15:45 Hiveplotlaut fertig. Berechnung in 0.0s abgeschlossen.
15:45 Brute Force fertig. Berechnung in 7.5s abgeschlossen.
15:45 paperlike = True
15:45 Pipeline und Cleanup fertig. Berechnung in 7.5s abgeschlossen.
15:45 ------------------------START-------2016------------
15:45 Hiveplotlaut fertig. Berechnung in 0.0s abgeschlossen.
15:45 Brute Force fertig. Berechnung in 7.3s abgeschlossen.
15:45 paperlike = True
15:45 Pipeline und Cleanup fertig. Berechnung in 7.3s abgeschlossen.
15:45 Post Processing fertig. Berechnung in 7.4s abgeschlossen.
15:45 Fertig. Berechnung in 7.6s abgeschlossen
15:45 ------------------------STOPP--------------------------------
15:48 ------------------------START-------2016------------
15:48 Hiveplotlaut fertig. Berechnung in 0.0s abgeschlossen.
15:48 Brute Force fertig. Berechnung in 7.3s abgeschlossen.
15:48 paperlike = True
15:48 Pipeline und Cleanup fertig. Berechnung in 7.3s abgeschlossen.
15:52 ------------------------START-------2016------------
15:52 Hiveplotlaut fertig. Berechnung in 0.0s abgeschlossen.
15:52 Brute Force fertig. Berechnung in 7.4s abgeschlossen.
15:52 paperlike = True
15:52 Pipeline und Cleanup fertig. Berechnung in 7.4s abgeschlossen.
15:54 ------------------------START-------2016------------
15:54 Hiveplotlaut fertig. Berechnung in 0.0s abgeschlossen.
15:54 Brute Force fertig. Berechnung in 7.3s abgeschlossen.
15:54 paperlike = True
15:54 Pipeline und Cleanup fertig. Berechnung in 7.3s abgeschlossen.
15:56 ------------------------START-------2016------------
15:56 Hiveplotlaut fertig. Berechnung in 0.0s abgeschlossen.
15:56 Brute Force fertig. Berechnung in 7.4s abgeschlossen.
15:56 paperlike = True
15:56 Pipeline und Cleanup fertig. Berechnung in 7.4s abgeschlossen.
15:59 ------------------------START-------2016------------
15:59 Hiveplotlaut fertig. Berechnung in 0.0s abgeschlossen.
15:59 Brute Force fertig. Berechnung in 7.4s abgeschlossen.
15:59 paperlike = True
15:59 Pipeline und Cleanup fertig. Berechnung in 7.4s abgeschlossen.
16:01 ------------------------START-------2016------------
16:01 Hiveplotlaut fertig. Berechnung in 0.0s abgeschlossen.
16:01 Brute Force fertig. Berechnung in 7.5s abgeschlossen.
16:01 paperlike = True
16:01 Pipeline und Cleanup fertig. Berechnung in 7.5s abgeschlossen.
16:01 Post Processing fertig. Berechnung in 7.6s abgeschlossen.
16:01 Fertig. Berechnung in 7.8s abgeschlossen
16:01 ------------------------STOPP--------------------------------
16:03 ------------------------START-------2016------------
16:03 Hiveplotlaut fertig. Berechnung in 0.0s abgeschlossen.
16:03 Brute Force fertig. Berechnung in 7.4s abgeschlossen.
16:03 paperlike = True
16:03 Pipeline und Cleanup fertig. Berechnung in 7.4s abgeschlossen.
16:03 Post Processing fertig. Berechnung in 7.6s abgeschlossen.
16:03 Fertig. Berechnung in 7.8s abgeschlossen
16:03 ------------------------STOPP--------------------------------
16:04 ------------------------START-------2016------------
16:04 Hiveplotlaut fertig. Berechnung in 0.0s abgeschlossen.
16:04 Brute Force fertig. Berechnung in 7.4s abgeschlossen.
16:04 paperlike = True
16:04 Pipeline und Cleanup fertig. Berechnung in 7.4s abgeschlossen.
16:04 Post Processing fertig. Berechnung in 7.5s abgeschlossen.
16:04 Fertig. Berechnung in 7.7s abgeschlossen
16:04 ------------------------STOPP--------------------------------
16:05 ------------------------START-------2016------------
16:05 Hiveplotlaut fertig. Berechnung in 0.0s abgeschlossen.
16:05 Brute Force fertig. Berechnung in 7.4s abgeschlossen.
16:05 paperlike = True
16:05 Pipeline und Cleanup fertig. Berechnung in 7.4s abgeschlossen.
16:05 Post Processing fertig. Berechnung in 7.6s abgeschlossen.
16:05 Fertig. Berechnung in 7.8s abgeschlossen
16:05 ------------------------STOPP--------------------------------
16:05 ------------------------START-------2016------------
16:05 Hiveplotlaut fertig. Berechnung in 0.0s abgeschlossen.
16:06 Brute Force fertig. Berechnung in 7.3s abgeschlossen.
16:06 paperlike = True
16:06 Pipeline und Cleanup fertig. Berechnung in 7.3s abgeschlossen.
16:06 Post Processing fertig. Berechnung in 7.4s abgeschlossen.
16:06 Fertig. Berechnung in 7.6s abgeschlossen
16:06 ------------------------STOPP--------------------------------
16:06 ------------------------START-------2016------------
16:06 Hiveplotlaut fertig. Berechnung in 0.0s abgeschlossen.
16:06 Brute Force fertig. Berechnung in 7.5s abgeschlossen.
16:06 paperlike = True
16:06 Pipeline und Cleanup fertig. Berechnung in 7.5s abgeschlossen.
16:06 Post Processing fertig. Berechnung in 7.7s abgeschlossen.
16:06 Fertig. Berechnung in 7.8s abgeschlossen
16:06 ------------------------STOPP--------------------------------
16:07 ------------------------START-------2016------------
16:07 Hiveplotlaut fertig. Berechnung in 0.0s abgeschlossen.
16:07 Brute Force fertig. Berechnung in 7.4s abgeschlossen.
16:07 paperlike = False
16:07 Pipeline und Cleanup fertig. Berechnung in 7.4s abgeschlossen.
16:07 Fertig. Berechnung in 7.6s abgeschlossen
16:07 ------------------------STOPP--------------------------------
16:09 ------------------------START-------2016------------
16:09 Hiveplotlaut fertig. Berechnung in 0.0s abgeschlossen.
16:09 Brute Force fertig. Berechnung in 7.5s abgeschlossen.
16:09 paperlike = False
16:09 Pipeline und Cleanup fertig. Berechnung in 7.5s abgeschlossen.
16:09 Fertig. Berechnung in 7.6s abgeschlossen
16:09 ------------------------STOPP--------------------------------
16:09 ------------------------START-------2016------------
16:09 Hiveplotlaut fertig. Berechnung in 0.0s abgeschlossen.
16:10 Brute Force fertig. Berechnung in 7.6s abgeschlossen.
16:10 paperlike = False
16:10 Pipeline und Cleanup fertig. Berechnung in 7.6s abgeschlossen.
16:10 Fertig. Berechnung in 7.8s abgeschlossen
16:10 ------------------------STOPP--------------------------------
16:11 ------------------------START-------2016------------
16:11 Hiveplotlaut fertig. Berechnung in 0.0s abgeschlossen.
16:11 Brute Force fertig. Berechnung in 7.4s abgeschlossen.
16:11 paperlike = False
16:11 Pipeline und Cleanup fertig. Berechnung in 7.4s abgeschlossen.
16:11 Fertig. Berechnung in 7.5s abgeschlossen
16:11 ------------------------STOPP--------------------------------
16:11 ------------------------START-------2016------------
16:11 Hiveplotlaut fertig. Berechnung in 0.0s abgeschlossen.
16:11 Brute Force fertig. Berechnung in 7.3s abgeschlossen.
16:11 paperlike = False
16:11 Pipeline und Cleanup fertig. Berechnung in 7.4s abgeschlossen.
16:11 Fertig. Berechnung in 7.5s abgeschlossen
16:11 ------------------------STOPP--------------------------------
16:11 ------------------------START-------2016------------
16:11 Hiveplotlaut fertig. Berechnung in 0.0s abgeschlossen.
16:11 Brute Force fertig. Berechnung in 7.3s abgeschlossen.
16:11 paperlike = False
16:11 Pipeline und Cleanup fertig. Berechnung in 7.3s abgeschlossen.
16:11 Fertig. Berechnung in 7.5s abgeschlossen
16:11 ------------------------STOPP--------------------------------
16:12 ------------------------START-------2016------------
16:12 Hiveplotlaut fertig. Berechnung in 0.0s abgeschlossen.
16:12 Brute Force fertig. Berechnung in 7.3s abgeschlossen.
16:12 paperlike = False
16:12 Pipeline und Cleanup fertig. Berechnung in 7.3s abgeschlossen.
16:12 Fertig. Berechnung in 7.5s abgeschlossen
16:12 ------------------------STOPP--------------------------------
16:12 ------------------------START-------2016------------
16:12 Hiveplotlaut fertig. Berechnung in 0.0s abgeschlossen.
16:13 Brute Force fertig. Berechnung in 7.4s abgeschlossen.
16:13 paperlike = False
16:13 Pipeline und Cleanup fertig. Berechnung in 7.4s abgeschlossen.
16:13 Fertig. Berechnung in 7.6s abgeschlossen
16:13 ------------------------STOPP--------------------------------
16:13 ------------------------START-------2016------------
16:13 Hiveplotlaut fertig. Berechnung in 0.0s abgeschlossen.
16:13 Brute Force fertig. Berechnung in 7.3s abgeschlossen.
16:13 paperlike = False
16:13 Pipeline und Cleanup fertig. Berechnung in 7.3s abgeschlossen.
16:13 Fertig. Berechnung in 7.5s abgeschlossen
16:13 ------------------------STOPP--------------------------------
16:14 ------------------------START-------2016------------
16:14 Hiveplotlaut fertig. Berechnung in 0.0s abgeschlossen.
16:14 Brute Force fertig. Berechnung in 7.5s abgeschlossen.
16:14 paperlike = True
16:14 Pipeline und Cleanup fertig. Berechnung in 7.5s abgeschlossen.
16:14 Post Processing fertig. Berechnung in 7.6s abgeschlossen.
16:14 Fertig. Berechnung in 7.8s abgeschlossen
16:14 ------------------------STOPP--------------------------------
16:17 ------------------------START-------2016------------
16:17 Hiveplotlaut fertig. Berechnung in 0.0s abgeschlossen.
16:17 Brute Force fertig. Berechnung in 7.5s abgeschlossen.
16:17 paperlike = True
16:17 Pipeline und Cleanup fertig. Berechnung in 12.7s abgeschlossen.
16:17 Post Processing fertig. Berechnung in 12.9s abgeschlossen.
16:17 Fertig. Berechnung in 13.1s abgeschlossen
16:17 ------------------------STOPP--------------------------------
16:19 ------------------------START-------2016------------
16:19 Hiveplotlaut fertig. Berechnung in 0.0s abgeschlossen.
16:19 Brute Force fertig. Berechnung in 7.3s abgeschlossen.
16:19 paperlike = False
16:19 Pipeline und Cleanup fertig. Berechnung in 28.6s abgeschlossen.
16:19 Fertig. Berechnung in 28.8s abgeschlossen
16:19 ------------------------STOPP--------------------------------
16:21 ------------------------START-------2016------------
16:21 Hiveplotlaut fertig. Berechnung in 0.0s abgeschlossen.
16:21 Brute Force fertig. Berechnung in 7.2s abgeschlossen.
16:21 paperlike = False
16:21 Pipeline und Cleanup fertig. Berechnung in 28.2s abgeschlossen.
16:21 Fertig. Berechnung in 28.4s abgeschlossen
16:21 ------------------------STOPP--------------------------------
19:39 ------------------------START-------2024------------
19:39 Hiveplotlaut fertig. Berechnung in 0.0s abgeschlossen.
19:39 Brute Force fertig. Berechnung in 8.3s abgeschlossen.
19:39 paperlike = False
19:40 Pipeline und Cleanup fertig. Berechnung in 60.1s abgeschlossen.
19:40 Fertig. Berechnung in 60.3s abgeschlossen
19:40 ------------------------STOPP--------------------------------
19:40 ------------------------START-------2024------------
19:40 Hiveplotlaut fertig. Berechnung in 0.0s abgeschlossen.
19:41 Brute Force fertig. Berechnung in 8.1s abgeschlossen.
19:41 paperlike = True
19:41 Pipeline und Cleanup fertig. Berechnung in 28.0s abgeschlossen.
19:41 Post Processing fertig. Berechnung in 28.3s abgeschlossen.
19:41 Fertig. Berechnung in 28.5s abgeschlossen
19:41 ------------------------STOPP--------------------------------
19:43 ------------------------START-------2024------------
19:43 Hiveplotlaut fertig. Berechnung in 0.0s abgeschlossen.
19:43 Brute Force fertig. Berechnung in 7.9s abgeschlossen.
19:43 paperlike = True
19:44 Pipeline und Cleanup fertig. Berechnung in 27.7s abgeschlossen.
19:44 Post Processing fertig. Berechnung in 27.9s abgeschlossen.
19:44 Fertig. Berechnung in 28.1s abgeschlossen
19:44 ------------------------STOPP--------------------------------
19:48 ------------------------START-------2024------------
19:48 Hiveplotlaut fertig. Berechnung in 0.0s abgeschlossen.
19:48 Brute Force fertig. Berechnung in 8.1s abgeschlossen.
19:48 paperlike = True
19:48 Pipeline und Cleanup fertig. Berechnung in 27.9s abgeschlossen.
19:48 Post Processing fertig. Berechnung in 28.1s abgeschlossen.
19:48 Fertig. Berechnung in 28.4s abgeschlossen
19:48 ------------------------STOPP--------------------------------
19:50 ------------------------START-------2024------------
19:50 Hiveplotlaut fertig. Berechnung in 0.0s abgeschlossen.
19:50 Brute Force fertig. Berechnung in 8.2s abgeschlossen.
19:50 paperlike = True
19:51 Pipeline und Cleanup fertig. Berechnung in 28.0s abgeschlossen.
19:51 Post Processing fertig. Berechnung in 28.3s abgeschlossen.
19:51 Fertig. Berechnung in 28.5s abgeschlossen
19:51 ------------------------STOPP--------------------------------
19:59 ------------------------START-------2024------------
19:59 Hiveplotlaut fertig. Berechnung in 0.0s abgeschlossen.
19:59 Brute Force fertig. Berechnung in 7.9s abgeschlossen.
19:59 paperlike = True
20:00 Pipeline und Cleanup fertig. Berechnung in 27.6s abgeschlossen.
20:00 ------------------------START-------2024------------
20:00 Hiveplotlaut fertig. Berechnung in 0.0s abgeschlossen.
20:01 Brute Force fertig. Berechnung in 8.1s abgeschlossen.
20:01 paperlike = True
20:01 Pipeline und Cleanup fertig. Berechnung in 27.9s abgeschlossen.
20:01 Post Processing fertig. Berechnung in 28.2s abgeschlossen.
20:01 Fertig. Berechnung in 28.4s abgeschlossen
20:01 ------------------------STOPP--------------------------------
20:06 ------------------------START-------2024------------
20:06 Hiveplotlaut fertig. Berechnung in 0.0s abgeschlossen.
20:07 Brute Force fertig. Berechnung in 8.2s abgeschlossen.
20:07 paperlike = True
20:07 Pipeline und Cleanup fertig. Berechnung in 27.8s abgeschlossen.
20:07 Post Processing fertig. Berechnung in 28.0s abgeschlossen.
20:07 Fertig. Berechnung in 28.3s abgeschlossen
20:07 ------------------------STOPP--------------------------------
20:11 ------------------------START-------2024------------
20:11 Hiveplotlaut fertig. Berechnung in 0.0s abgeschlossen.
20:11 Brute Force fertig. Berechnung in 8.0s abgeschlossen.
20:11 paperlike = True
20:11 Pipeline und Cleanup fertig. Berechnung in 28.0s abgeschlossen.
20:11 Post Processing fertig. Berechnung in 28.3s abgeschlossen.
20:11 Fertig. Berechnung in 28.5s abgeschlossen
20:11 ------------------------STOPP--------------------------------
20:18 ------------------------START-------2024------------
20:18 Hiveplotlaut fertig. Berechnung in 0.0s abgeschlossen.
20:18 Brute Force fertig. Berechnung in 8.3s abgeschlossen.
20:18 paperlike = True
20:18 Pipeline und Cleanup fertig. Berechnung in 28.5s abgeschlossen.
20:19 ------------------------START-------2024------------
20:19 Hiveplotlaut fertig. Berechnung in 0.0s abgeschlossen.
20:19 Brute Force fertig. Berechnung in 7.9s abgeschlossen.
20:19 paperlike = True
20:19 Pipeline und Cleanup fertig. Berechnung in 27.6s abgeschlossen.
20:19 Post Processing fertig. Berechnung in 27.8s abgeschlossen.
20:19 Fertig. Berechnung in 28.1s abgeschlossen
20:19 ------------------------STOPP--------------------------------
20:24 ------------------------START-------2024------------
20:24 Hiveplotlaut fertig. Berechnung in 0.0s abgeschlossen.
20:24 Brute Force fertig. Berechnung in 8.3s abgeschlossen.
20:24 paperlike = True
20:24 Pipeline und Cleanup fertig. Berechnung in 8.3s abgeschlossen.
20:24 Post Processing fertig. Berechnung in 8.6s abgeschlossen.
20:24 Fertig. Berechnung in 8.8s abgeschlossen
20:24 ------------------------STOPP--------------------------------
20:36 ------------------------START-------2024------------
20:36 Hiveplotlaut fertig. Berechnung in 0.0s abgeschlossen.
20:36 Brute Force fertig. Berechnung in 8.2s abgeschlossen.
20:36 paperlike = True
20:36 Pipeline und Cleanup fertig. Berechnung in 8.2s abgeschlossen.
20:36 Post Processing fertig. Berechnung in 30.2s abgeschlossen.
20:54 ------------------------START-------2024------------
20:54 Hiveplotlaut fertig. Berechnung in 0.0s abgeschlossen.
20:54 Brute Force fertig. Berechnung in 8.4s abgeschlossen.
20:54 paperlike = True
20:55 ------------------------START-------2024------------
20:55 Hiveplotlaut fertig. Berechnung in 0.0s abgeschlossen.
20:55 Brute Force fertig. Berechnung in 8.2s abgeschlossen.
20:55 paperlike = True
20:58 ------------------------START-------2024------------
20:58 Hiveplotlaut fertig. Berechnung in 0.0s abgeschlossen.
20:58 Brute Force fertig. Berechnung in 8.2s abgeschlossen.
20:58 paperlike = True
20:59 ------------------------START-------2024------------
20:59 Hiveplotlaut fertig. Berechnung in 0.0s abgeschlossen.
20:59 Brute Force fertig. Berechnung in 7.9s abgeschlossen.
20:59 paperlike = True
20:59 Pipeline und Cleanup fertig. Berechnung in 7.9s abgeschlossen.
20:59 Post Processing fertig. Berechnung in 8.1s abgeschlossen.
20:59 Fertig. Berechnung in 8.4s abgeschlossen
20:59 ------------------------STOPP--------------------------------
21:01 ------------------------START-------2024------------
21:01 Hiveplotlaut fertig. Berechnung in 0.0s abgeschlossen.
21:01 Brute Force fertig. Berechnung in 8.3s abgeschlossen.
21:01 paperlike = True
21:01 Pipeline und Cleanup fertig. Berechnung in 8.3s abgeschlossen.
21:01 Post Processing fertig. Berechnung in 8.5s abgeschlossen.
21:01 Fertig. Berechnung in 8.8s abgeschlossen
21:01 ------------------------STOPP--------------------------------
21:06 ------------------------START-------2024------------
21:06 Hiveplotlaut fertig. Berechnung in 0.0s abgeschlossen.
21:07 Brute Force fertig. Berechnung in 8.2s abgeschlossen.
21:07 paperlike = True
21:08 Pipeline und Cleanup fertig. Berechnung in 99.2s abgeschlossen.
21:10 Post Processing fertig. Berechnung in 210.5s abgeschlossen.
21:19 ------------------------START-------2024------------
21:19 Hiveplotlaut fertig. Berechnung in 0.0s abgeschlossen.
21:19 Brute Force fertig. Berechnung in 8.1s abgeschlossen.
21:19 paperlike = True
21:19 Pipeline und Cleanup fertig. Berechnung in 8.1s abgeschlossen.
21:24 ------------------------START-------2024------------
21:24 Hiveplotlaut fertig. Berechnung in 0.0s abgeschlossen.
21:24 Brute Force fertig. Berechnung in 8.1s abgeschlossen.
21:24 paperlike = True
21:26 ------------------------START-------2024------------
21:26 Hiveplotlaut fertig. Berechnung in 0.0s abgeschlossen.
21:26 Brute Force fertig. Berechnung in 8.3s abgeschlossen.
21:26 paperlike = True
21:26 Pipeline und Cleanup fertig. Berechnung in 17.7s abgeschlossen.
21:27 Post Processing fertig. Berechnung in 85.5s abgeschlossen.
21:37 ------------------------START-------2024------------
21:37 Hiveplotlaut fertig. Berechnung in 0.0s abgeschlossen.
21:37 Brute Force fertig. Berechnung in 8.1s abgeschlossen.
21:37 paperlike = True
21:38 Pipeline und Cleanup fertig. Berechnung in 14.3s abgeschlossen.
21:53 ------------------------START-------2024------------
21:53 Hiveplotlaut fertig. Berechnung in 0.0s abgeschlossen.
21:53 Brute Force fertig. Berechnung in 7.9s abgeschlossen.
21:53 paperlike = True
21:53 Pipeline und Cleanup fertig. Berechnung in 7.9s abgeschlossen.
22:01 Post Processing fertig. Berechnung in 460.7s abgeschlossen.
22:01 Fertig. Berechnung in 461.1s abgeschlossen
22:01 ------------------------STOPP--------------------------------
22:03 ------------------------START-------2024------------
22:03 Hiveplotlaut fertig. Berechnung in 0.0s abgeschlossen.
22:03 Brute Force fertig. Berechnung in 8.1s abgeschlossen.
22:03 paperlike = True
22:03 Pipeline und Cleanup fertig. Berechnung in 8.2s abgeschlossen.
22:28 ------------------------START-------2024------------
22:28 Hiveplotlaut fertig. Berechnung in 0.0s abgeschlossen.
22:28 Brute Force fertig. Berechnung in 8.4s abgeschlossen.
22:28 paperlike = True
22:28 Pipeline und Cleanup fertig. Berechnung in 8.5s abgeschlossen.
22:51 ------------------------START-------2024------------
22:51 Hiveplotlaut fertig. Berechnung in 0.0s abgeschlossen.
22:51 Brute Force fertig. Berechnung in 8.4s abgeschlossen.
22:51 paperlike = True
22:51 Pipeline und Cleanup fertig. Berechnung in 8.4s abgeschlossen.
22:51 Post Processing fertig. Berechnung in 8.6s abgeschlossen.
22:51 Fertig. Berechnung in 8.8s abgeschlossen
22:51 ------------------------STOPP--------------------------------
22:57 ------------------------START-------2024------------
22:57 Hiveplotlaut fertig. Berechnung in 0.0s abgeschlossen.
22:57 Brute Force fertig. Berechnung in 8.2s abgeschlossen.
22:57 paperlike = True
22:57 Pipeline und Cleanup fertig. Berechnung in 8.2s abgeschlossen.
22:57 Post Processing fertig. Berechnung in 8.5s abgeschlossen.
22:57 Fertig. Berechnung in 8.7s abgeschlossen
22:57 ------------------------STOPP--------------------------------
22:57 ------------------------START-------2024------------
22:57 Hiveplotlaut fertig. Berechnung in 0.0s abgeschlossen.
22:57 Brute Force fertig. Berechnung in 8.3s abgeschlossen.
22:57 paperlike = True
22:57 Pipeline und Cleanup fertig. Berechnung in 8.3s abgeschlossen.
22:57 Post Processing fertig. Berechnung in 8.5s abgeschlossen.
22:57 Fertig. Berechnung in 8.7s abgeschlossen
22:57 ------------------------STOPP--------------------------------
23:00 ------------------------START-------2024------------
23:00 Hiveplotlaut fertig. Berechnung in 0.0s abgeschlossen.
23:00 Brute Force fertig. Berechnung in 8.1s abgeschlossen.
23:00 paperlike = True
23:00 Pipeline und Cleanup fertig. Berechnung in 8.1s abgeschlossen.
23:00 Post Processing fertig. Berechnung in 8.3s abgeschlossen.
23:00 Fertig. Berechnung in 8.6s abgeschlossen
23:00 ------------------------STOPP--------------------------------
23:50 ------------------------START-------2024------------
23:50 Hiveplotlaut fertig. Berechnung in 0.0s abgeschlossen.
23:50 Brute Force fertig. Berechnung in 8.2s abgeschlossen.
23:50 paperlike = True
23:50 Pipeline und Cleanup fertig. Berechnung in 8.2s abgeschlossen.
23:50 Post Processing fertig. Berechnung in 8.5s abgeschlossen.
23:50 Fertig. Berechnung in 8.7s abgeschlossen
23:50 ------------------------STOPP--------------------------------
23:51 ------------------------START-------2024------------
23:51 Hiveplotlaut fertig. Berechnung in 0.0s abgeschlossen.
23:51 Brute Force fertig. Berechnung in 7.9s abgeschlossen.
23:51 paperlike = True
23:51 Pipeline und Cleanup fertig. Berechnung in 8.0s abgeschlossen.
23:51 Post Processing fertig. Berechnung in 8.2s abgeschlossen.
23:51 Fertig. Berechnung in 8.4s abgeschlossen
23:51 ------------------------STOPP--------------------------------
23:54 ------------------------START-------2024------------
23:54 Hiveplotlaut fertig. Berechnung in 0.0s abgeschlossen.
23:55 Brute Force fertig. Berechnung in 8.2s abgeschlossen.
23:55 paperlike = True
23:55 Pipeline und Cleanup fertig. Berechnung in 8.2s abgeschlossen.
23:55 Post Processing fertig. Berechnung in 8.4s abgeschlossen.
23:55 Fertig. Berechnung in 8.6s abgeschlossen
23:55 ------------------------STOPP--------------------------------
23:56 ------------------------START-------2024------------
23:56 Hiveplotlaut fertig. Berechnung in 0.0s abgeschlossen.
23:56 Brute Force fertig. Berechnung in 8.2s abgeschlossen.
23:56 paperlike = True
23:56 Pipeline und Cleanup fertig. Berechnung in 8.2s abgeschlossen.
23:56 Post Processing fertig. Berechnung in 8.5s abgeschlossen.
23:56 Fertig. Berechnung in 8.7s abgeschlossen
23:56 ------------------------STOPP--------------------------------
